frame_index,total_objects,median_motion
1,38,0.0
2,33,0.15857739746570587
3,33,0.1477050930261612
4,35,0.01017032377421856
5,36,-0.009081931784749031
6,33,-0.00867023691534996
7,43,0.0024774260818958282
8,43,0.2578250765800476
9,39,0.3943922221660614
10,35,0.3364427983760834
11,41,0.24097448587417603
12,35,0.38005784153938293
13,34,0.4144480526447296
14,41,0.39801347255706787
15,34,0.40016961097717285
16,37,0.3691895008087158
17,35,0.3419538736343384
18,37,0.3708161413669586
19,41,0.4113919734954834
20,32,0.373151957988739
21,37,0.33434945344924927
22,41,0.32848799228668213
23,38,0.3530063033103943
24,38,0.31688979268074036
25,40,0.301993727684021
26,37,0.34356772899627686
27,35,0.31963032484054565
28,33,0.3166331946849823
29,46,0.3324328362941742
30,46,0.33829739689826965
31,45,0.32962876558303833
32,41,0.34018170833587646
33,53,0.3301284909248352
34,50,0.3787308931350708
35,52,0.33569207787513733
36,49,0.2978922128677368
37,50,0.3081560432910919
38,48,0.3105790317058563
39,55,0.3348639905452728
40,46,0.28573328256607056
41,52,0.16244332492351532
42,43,-0.005090142600238323
43,55,-0.027718137949705124
44,42,-0.03666909784078598
45,53,-0.042820755392313004
46,43,-0.03528311103582382
47,42,-0.041307978332042694
48,41,-0.05616018548607826
49,45,-0.06292387843132019
50,41,-0.05571611225605011
51,37,-0.06508273631334305
52,42,-0.054492752999067307
53,45,-0.07517784833908081
54,45,-0.06536620855331421
55,45,-0.06786369532346725
56,42,-0.05736280605196953
57,43,-0.003714269958436489
58,48,-0.015454300679266453
59,49,-0.0005391555605456233
60,41,0.009626442566514015
61,35,0.008890681900084019
62,51,0.0053551229648292065
63,43,0.00023548127501271665
64,49,-0.0003004405298270285
65,48,-6.472138193203136e-05
66,54,-0.00010344776092097163
67,45,-0.0001520791556686163
68,45,-0.0004274306702427566
69,47,-0.00026745873037725687
70,42,-0.0002645630156621337
71,48,-2.58926638707635e-06
72,44,0.0007627399172633886
73,40,0.005116536282002926
74,44,-0.0016480626072734594
75,48,-0.09056836366653442
76,42,-0.12239877879619598
77,45,-0.12439855933189392
78,50,-0.18260003626346588
79,46,-0.1890515387058258
80,58,-0.214735746383667
81,45,-0.2111634761095047
82,49,-0.16707393527030945
83,42,-0.14749284088611603
84,46,-0.16149838268756866
85,46,-0.1693224459886551
86,52,-0.1566762626171112
87,46,-0.1595945507287979
88,44,-0.15706488490104675
89,46,-0.1531480848789215
90,49,-0.16179239749908447
91,47,-0.18182840943336487
92,45,-0.1711646020412445
93,46,-0.18307949602603912
94,55,-0.1549144685268402
95,51,-0.10664574801921844
96,50,-0.00022555323084816337
97,39,-0.04551921784877777
98,55,-0.029729489237070084
99,60,-0.01646377332508564
100,57,-0.009591208770871162
101,55,-0.00029460067162290215
102,65,0.005290598142892122
103,52,0.017860397696495056
104,50,0.010847950354218483
105,47,0.007777352351695299
106,52,0.0017694892594590783
107,60,0.006151658482849598
108,55,0.0015371371991932392
109,58,-0.0008319072076119483
110,47,-0.00019465555669739842
111,60,0.0026624586898833513
112,55,0.003998388536274433
113,54,0.0641767680644989
114,61,0.1478893905878067
115,67,0.22810938954353333
116,65,0.2247631549835205
117,75,0.2100715935230255
118,49,0.2187797576189041
119,57,0.3388744592666626
120,61,0.29890239238739014
121,45,0.29379814863204956
122,54,0.2445908784866333
123,58,0.30330345034599304
124,56,0.42863765358924866
125,58,0.26401886343955994
126,62,0.20868965983390808
127,59,0.1560889482498169
128,56,0.10181408375501633
129,56,0.012954453006386757
130,57,0.001558190444484353
131,55,0.002762592164799571
132,60,0.009116115048527718
133,60,0.03565286099910736
134,52,0.12510691583156586
135,69,0.27090689539909363
136,64,0.3056141138076782
137,49,0.15324795246124268
138,62,0.16330328583717346
139,52,0.34335362911224365
140,54,0.48313695192337036
141,59,0.5152692198753357
142,50,0.45173177123069763
143,72,0.4765506088733673
144,64,0.4755381941795349
145,69,0.386929988861084
146,71,0.27389317750930786
147,54,0.13610275089740753
148,69,0.18543317914009094
149,63,0.22878770530223846
150,67,0.23407423496246338
151,51,0.19911979138851166
152,64,0.16375339031219482
153,70,0.17880669236183167
154,65,0.24894960224628448
155,70,0.28024548292160034
156,66,0.34893345832824707
157,66,0.34641963243484497
158,62,0.41812044382095337
159,66,0.331501305103302
160,71,0.2950553894042969
161,58,0.2884136140346527
162,63,0.38124847412109375
163,65,0.36382681131362915
164,73,0.34712719917297363
165,76,0.29480212926864624
166,76,0.29835695028305054
167,62,0.2396346628665924
168,66,0.22791799902915955
169,61,0.20629452168941498
170,71,0.14410102367401123
171,61,0.12672396004199982
172,70,0.1122240200638771
173,69,0.0755276083946228
174,65,0.03801438957452774
175,65,0.0010902374051511288
176,65,-0.0008239387534558773
177,58,0.002598272170871496
178,79,0.008121633902192116
179,76,0.040455542504787445
180,77,0.041095416992902756
181,61,0.05940891057252884
182,70,0.065248504281044
183,68,0.0871453732252121
184,56,0.09295348823070526
185,66,0.10472780466079712
186,60,0.08591850101947784
187,71,0.060399122536182404
188,61,0.05433686077594757
189,72,0.07394450902938843
190,66,0.07569780945777893
191,62,0.06750532984733582
192,65,0.06948535144329071
193,69,0.09326168894767761
194,59,0.13877254724502563
195,73,0.14857324957847595
196,72,0.11284831166267395
197,67,0.07941561937332153
198,58,0.057614535093307495
199,65,0.00969187542796135
200,68,0.0037581361830234528
201,61,0.0005407294956967235
202,66,-0.0005036289803683758
203,63,-0.0026864917017519474
204,68,-0.0019451214466243982
205,63,-0.0013417033478617668
206,59,-0.0020189364440739155
207,68,-0.0030141929164528847
208,62,-0.002719239331781864
209,61,-0.002107765059918165
210,72,-0.0012489629443734884
211,61,-0.0064461552537977695
212,63,-0.008642079308629036
213,67,-0.005671310238540173
214,67,-0.005740867927670479
215,66,-0.004213780164718628
216,66,-0.0030904507730156183
217,68,-0.0004766881465911865
218,67,-0.0015878407284617424
219,81,-0.00015501564485020936
220,77,-0.000898210215382278
221,63,-5.156768747838214e-05
222,67,0.0036461418494582176
223,56,0.03656493127346039
224,73,0.06053444370627403
225,71,0.027905436232686043
226,74,0.016353916376829147
227,64,0.007808343973010778
228,69,0.02001015469431877
229,66,0.016229089349508286
230,64,0.004921639338135719
231,68,0.002069895388558507
232,59,-0.00011521083069965243
233,64,-0.00123748485930264
234,65,6.970058166189119e-05
235,72,0.00018499090219847858
236,69,-1.696444996923674e-05
237,70,-0.004102511331439018
238,58,-0.006093306466937065
239,72,-0.012247815728187561
240,80,-0.007361879572272301
241,79,-0.0110711008310318
242,68,-0.007508416660130024
243,70,-0.015181303955614567
244,82,-0.012766537256538868
245,71,-0.007406401913613081
246,67,-0.001381561392918229
247,87,-0.002030985662713647
248,58,0.00552736409008503
249,61,0.007298423908650875
250,86,0.024546049535274506
251,69,0.01630881242454052
252,69,0.039850931614637375
253,70,0.04811541363596916
254,64,0.06962040811777115
255,69,0.09069830179214478
256,66,0.097129687666893
257,81,0.09401453286409378
258,75,0.08005549013614655
259,82,0.11289471387863159
260,67,0.13738051056861877
261,64,0.2138020098209381
262,66,0.2609952390193939
263,85,0.35145965218544006
264,84,0.45841726660728455
265,78,0.5345794558525085
266,76,0.6066575050354004
267,61,0.6315808892250061
268,67,0.6815645694732666
269,64,0.7778600454330444
270,63,0.8726340532302856
271,66,0.9855144023895264
272,67,0.8503365516662598
273,70,0.41452986001968384
274,70,0.04929400607943535
275,66,-0.0035853274166584015
276,69,-0.03470161557197571
277,62,-0.053850188851356506
278,64,-0.03612615168094635
279,75,0.2212929129600525
280,80,0.846022367477417
281,67,1.0427329540252686
282,71,1.0743149518966675
283,75,1.0870803594589233
284,74,1.1029289960861206
285,70,0.991753101348877
286,67,0.8953101634979248
287,74,0.7848899364471436
288,73,0.7325012683868408
289,59,0.6039575934410095
290,65,0.5022146701812744
291,72,0.42181316018104553
292,77,0.3686662018299103
293,77,0.2989375591278076
294,76,0.23754280805587769
295,63,0.21132788062095642
296,67,0.21942050755023956
297,53,0.16718801856040955
298,69,0.16592323780059814
299,68,0.22849266231060028
300,91,0.3655698001384735
301,63,0.22688354551792145
302,63,0.00551255140453577
303,76,-0.010934451594948769
304,82,0.01010800339281559
305,78,0.1935112178325653
306,69,0.3851615786552429
307,80,0.39386186003685
308,79,0.353535532951355
309,77,0.3106016516685486
310,69,0.35417038202285767
311,77,0.37646275758743286
312,74,0.393315851688385
313,61,0.26724058389663696
314,80,0.13376756012439728
315,83,0.03949147090315819
316,74,0.03353302553296089
317,76,0.07818090915679932
318,75,0.16598449647426605
319,69,0.21066853404045105
320,70,0.18675647675991058
321,75,0.07157735526561737
322,82,0.015451274812221527
323,78,0.008913930505514145
324,72,0.03496105596423149
325,80,0.08924053609371185
326,66,0.1258147954940796
327,73,0.14768078923225403
328,73,0.12096023559570312
329,77,0.07254116982221603
330,78,0.011786986142396927
331,74,-0.03603597730398178
332,77,-0.09135197848081589
333,77,-0.08916546404361725
334,74,-0.023368123918771744
335,74,0.065736785531044
336,69,0.25198376178741455
337,84,0.3068333864212036
338,83,0.32765212655067444
339,94,-0.0002070538466796279
340,75,0.2561603784561157
341,66,0.07955808937549591
342,84,0.07179827988147736
343,78,0.055764563381671906
344,77,0.06176477670669556
345,75,0.06997950375080109
346,79,0.04156436026096344
347,70,-0.0069835796020925045
348,72,-0.04797787219285965
349,79,-0.0791843831539154
350,82,-0.07837668061256409
351,79,-0.03605317324399948
352,74,0.005586676299571991
353,64,0.09925475716590881
354,69,0.09735123813152313
355,78,0.11766945570707321
356,72,0.1802121251821518
357,86,0.1494617909193039
358,85,0.09007349610328674
359,81,0.021081939339637756
360,62,0.0077615114860236645
361,74,0.025176554918289185
362,77,0.16053611040115356
363,68,0.4213356673717499
364,82,0.5683621168136597
365,65,0.5704405307769775
366,67,0.5108678340911865
367,68,0.43931829929351807
368,69,0.48914945125579834
369,72,0.5326687097549438
370,67,0.5743882656097412
371,65,0.5855475664138794
372,67,0.5592197179794312
373,68,0.4483802914619446
374,68,0.25232547521591187
375,57,0.012891893275082111
376,71,0.0016989221330732107
377,68,0.0036910688504576683
378,57,0.037239015102386475
379,56,0.22510187327861786
380,57,0.4039776921272278
381,62,0.4412347972393036
382,62,0.4663907289505005
383,65,0.43919962644577026
384,57,0.420195609331131
385,62,0.11723247170448303
386,66,-0.008964210748672485
387,53,-0.03783055394887924
388,55,-0.03339220955967903
389,57,0.0019082512008026242
390,52,0.18181240558624268
391,56,0.3285268545150757
392,57,0.35455718636512756
393,54,0.2939807176589966
394,60,0.21738553047180176
395,56,0.07737987488508224
396,57,0.017571592703461647
397,62,0.0006555969594046474
398,59,-0.0002683958155103028
399,53,-0.0022184441331773996
400,57,0.004182511009275913
401,63,0.04472412168979645
402,50,0.10146684944629669
403,59,0.11996175348758698
404,43,0.09876453876495361
405,56,0.003839762881398201
406,57,-0.08536964654922485
407,54,-0.10257671028375626
408,52,-0.03963728994131088
409,52,-0.00023270360543392599
410,46,0.04161699488759041
411,59,0.09029729664325714
412,45,0.14451076090335846
413,50,0.206752747297287
414,57,0.27863162755966187
415,55,0.3463813066482544
416,52,0.34157222509384155
417,46,0.3073597550392151
418,43,0.3480514883995056
419,49,0.41147080063819885
420,53,0.385534405708313
421,47,0.2923299968242645
422,44,0.22919413447380066
423,40,0.18231865763664246
424,47,0.19280484318733215
425,43,0.20708711445331573
426,65,0.256672203540802
427,62,0.25000661611557007
428,51,0.20457550883293152
429,50,0.14354094862937927
430,41,0.10337463021278381
431,46,0.13480859994888306
432,47,0.1510935127735138
433,51,0.08634157478809357
434,60,0.007663498632609844
435,43,-0.00046753560309298337
436,41,-0.005497317761182785
437,53,-0.017065897583961487
438,43,-0.01310519129037857
439,49,-0.024091139435768127
440,57,-0.02341325208544731
441,56,-0.02799936942756176
442,52,-0.022040555253624916
443,50,-0.023773688822984695
444,49,-0.03671060502529144
445,62,-0.04267239570617676
446,44,-0.11857276409864426
447,61,-0.21360847353935242
448,54,-0.2736125588417053
449,50,-0.292410671710968
450,46,-0.2933414876461029
451,61,-0.270272433757782
452,56,-0.23351243138313293
453,49,-0.1718761920928955
454,59,-0.03629186749458313
455,50,0.0005754190497100353
456,60,0.005072982981801033
457,53,0.010335037484765053
458,61,0.002385334111750126
459,43,-0.002980174496769905
460,54,-0.05593922361731529
461,50,-0.00015955136041156948
462,63,-0.054705847054719925
463,47,-0.02470036968588829
464,72,-9.006630716612563e-05
465,56,0.0030081390868872404
466,64,0.0012188490945845842
467,52,-0.05822637677192688
468,59,-0.09271569550037384
469,48,-0.0031702357809990644
470,50,0.13346770405769348
471,50,0.21415889263153076
472,59,0.26748359203338623
473,55,0.30941081047058105
474,58,0.31220948696136475
475,54,0.23925888538360596
476,54,0.0009325064020231366
477,53,-0.05737476423382759
478,60,-0.015983955934643745
479,63,0.24740974605083466
480,64,0.46074119210243225
481,60,0.4935370683670044
482,68,0.5032868981361389
483,71,0.5195232629776001
484,63,0.47988298535346985
485,58,0.3809177875518799
486,60,0.3992006778717041
487,61,0.4804720878601074
488,60,0.49543285369873047
489,57,0.43967026472091675
490,61,0.3797674775123596
491,48,0.40130770206451416
492,50,0.36843928694725037
493,68,0.11585064232349396
494,60,-0.31758812069892883
495,66,-0.5208982825279236
496,52,-0.5187783241271973
497,59,-0.5160862803459167
498,59,-0.562439501285553
499,53,-0.6173856258392334
500,59,-0.647754430770874
501,56,-0.6065807938575745
502,50,-0.6067876815795898
503,58,-0.5480904579162598
504,72,-0.5899094343185425
505,55,-0.06821629405021667
506,55,0.04717252403497696
507,48,0.34848880767822266
508,60,0.4816778004169464
509,65,0.6024147272109985
510,65,0.63199782371521
511,83,0.8128210306167603
512,60,0.7502544522285461
513,80,0.3514389395713806
514,77,0.0015282747335731983
515,76,-0.25812214612960815
516,62,-0.3999568819999695
517,56,-0.45114922523498535
518,69,-0.3844064772129059
519,66,-0.35984688997268677
520,60,-0.34387147426605225
521,73,-0.3574480414390564
522,59,-0.3266223669052124
523,72,-0.3125505745410919
524,55,-0.2209053784608841
525,61,-0.13033828139305115
526,73,-0.023147910833358765
527,55,0.004174813628196716
528,61,0.024138420820236206
529,62,0.0019230407197028399
530,69,0.0005941877607256174
531,62,-0.012529660016298294
532,65,-0.010525353252887726
533,65,-0.0011225726921111345
534,70,0.006529000587761402
535,61,0.0008696216391399503
536,75,-0.0027362541295588017
537,74,-0.02460595592856407
538,82,-0.0004020832711830735
539,65,0.010123135522007942
540,70,0.03507684916257858
541,63,0.08987931907176971
542,77,0.1462598443031311
543,70,0.17864343523979187
544,73,0.18887768685817719
545,59,0.1556253731250763
546,71,0.10421445965766907
547,76,0.08721912652254105
548,70,0.11529523134231567
549,90,0.07966168224811554
550,82,0.07327121496200562
551,60,0.06436635553836823
552,89,0.00624287873506546
553,73,0.0053724427707493305
554,77,0.07999453693628311
555,75,0.24115043878555298
556,81,0.3115575313568115
557,83,0.217728853225708
558,84,0.006875194609165192
559,83,-0.01336740329861641
560,89,-0.01052596140652895
561,77,-0.021021902561187744
562,85,-0.06766624748706818
563,80,-0.10686059296131134
564,66,-0.07820496708154678
565,77,-0.003938719630241394
566,74,0.3607507348060608
567,84,0.9845411777496338
568,78,1.2111692428588867
569,67,1.345855712890625
570,74,1.1116442680358887
571,88,0.5443623065948486
572,82,0.21915625035762787
573,75,0.31894877552986145
574,94,0.7347700595855713
575,72,0.8109222650527954
576,73,0.7412591576576233
577,86,0.628401517868042
578,85,0.5092062950134277
579,73,0.5000199675559998
580,73,0.4342835545539856
581,83,0.3541986048221588
582,80,0.30503880977630615
583,80,-3.192467556800693e-05
584,78,0.26169365644454956
585,87,0.264603853225708
586,80,0.29648131132125854
587,75,0.17330551147460938
588,92,0.10715435445308685
589,89,0.03433452546596527
590,72,0.0024938653223216534
591,89,0.0012087620561942458
592,77,0.00013671122724190354
593,85,0.014989037066698074
594,80,0.03336380794644356
595,77,0.09210921823978424
596,81,0.1190042495727539
597,95,0.2369820773601532
598,90,0.36645567417144775
599,90,0.5331146717071533
600,91,0.6974048614501953
601,87,0.7111293077468872
602,100,0.5233513116836548
603,76,0.4242231249809265
604,90,0.41224145889282227
605,98,0.1910327970981598
606,93,0.0353182852268219
607,105,0.08587977290153503
608,91,0.1656624972820282
609,102,0.04356765374541283
610,102,0.0005805277032777667
611,95,-0.0011990787461400032
612,88,0.0026822055224329233
613,94,0.03780137002468109
614,98,0.023148059844970703
615,84,0.0008268788806162775
616,93,0.0007226378656923771
617,92,0.0027505094185471535
618,105,0.0038292580284178257
619,109,0.005083010531961918
620,88,0.0026531158946454525
621,91,1.3145504453859758e-05
622,95,-0.0012519850861281157
623,90,-0.052990347146987915
624,91,-0.03922208026051521
625,92,-0.0006249091820791364
626,106,0.00038038200000301003
627,83,-0.0003369805926922709
628,95,-0.0013265599263831973
629,86,-0.0011270749382674694
630,104,-0.0008627618080936372
631,113,0.000312338670482859
632,113,0.00597835797816515
633,102,0.0012772525660693645
634,109,0.0026030954904854298
635,109,0.05203131586313248
636,117,0.0535307452082634
637,96,0.0012236066395416856
638,91,0.00362101336941123
639,113,0.00627492368221283
640,103,0.05936429277062416
641,113,0.07126696407794952
642,107,0.022317714989185333
643,102,0.009477967396378517
644,105,0.018875133246183395
645,122,0.1017613410949707
646,109,0.21111808717250824
647,108,0.22911937534809113
648,107,0.0703931599855423
649,101,0.0032045398838818073
650,111,0.007501737214624882
651,114,0.18010684847831726
652,116,0.16668649017810822
653,90,0.16080008447170258
654,114,0.1433807611465454
655,116,0.003638892900198698
656,104,-0.001155433594249189
657,105,-0.0006494868430308998
658,126,1.1172200174769387e-05
659,109,-0.006839986890554428
660,101,-0.011887901462614536
661,103,-0.02044813707470894
662,116,-0.018551791086792946
663,105,-0.05840916559100151
664,94,-0.11456397920846939
665,100,-0.24397023022174835
666,112,-0.35845232009887695
667,103,-0.3068413734436035
668,107,-0.25808045268058777
669,92,-0.24583497643470764
670,102,-0.25472092628479004
671,110,-0.23366442322731018
672,112,-0.12405471503734589
673,85,-0.01751287654042244
674,99,-0.0005000992678105831
675,105,-0.0001843474165070802
676,122,-0.0020243474282324314
677,110,-0.03867851197719574
678,117,-0.11940430104732513
679,106,-0.033695872873067856
680,106,0.00469960318878293
681,108,0.31462234258651733
682,103,0.5366318821907043
683,95,0.4678996801376343
684,103,0.08184627443552017
685,98,0.0021153120324015617
686,95,0.0006717640208080411
687,100,0.000424615282099694
688,115,0.0002450851898174733
689,101,0.0002852625912055373
690,105,0.0003599516930989921
691,106,0.001409532967954874
692,105,0.0015192350838333368
693,94,0.00106251600664109
694,109,9.272913302993402e-05
695,78,-0.00010065197420772165
696,95,0.00042402598774060607
697,95,0.0015776664949953556
698,97,0.005376110319048166
699,91,0.002394226612523198
700,116,0.0015379004180431366
701,101,0.002309323288500309
702,114,0.04948408156633377
703,113,0.14532430469989777
704,121,0.13739848136901855
705,103,-3.022922101081349e-06
706,108,0.023932719603180885
707,121,0.0016013076528906822
708,105,0.0016256177332252264
709,105,0.004565506242215633
710,109,0.0007685745367780328
711,110,0.00012270035222172737
712,93,0.001836442039348185
713,119,0.0006381546845659614
714,109,0.0025369743816554546
715,104,0.0084178876131773
716,112,0.009805427864193916
717,108,0.010803041979670525
718,105,0.10210828483104706
719,109,0.28468751907348633
720,114,0.3163597881793976
721,103,0.23351074755191803
722,108,0.13085946440696716
723,105,0.22363588213920593
724,106,0.3116629123687744
725,122,0.31983333826065063
726,124,0.27495789527893066
727,121,0.19961178302764893
728,98,0.17522865533828735
729,113,0.12879592180252075
730,110,0.07215577363967896
731,126,0.12768606841564178
732,122,0.18941226601600647
733,97,0.25427114963531494
734,113,0.3655899167060852
735,114,0.4226468801498413
736,114,0.4201253354549408
737,112,0.3370473384857178
738,127,0.30156970024108887
739,97,0.2984427809715271
740,125,0.3160138726234436
741,103,0.3563937544822693
742,107,0.2438826560974121
743,121,0.09431936591863632
744,107,0.03447391092777252
745,107,0.01665368676185608
746,108,0.052645403891801834
747,113,0.05380823463201523
748,119,0.006065217312425375
749,112,0.0012826155871152878
750,117,0.0006795739755034447
751,104,0.001742758322507143
752,118,0.007516096346080303
753,116,0.00957857258617878
754,110,0.0027463380247354507
755,121,0.00010581844253465533
756,114,-0.000232819962548092
757,122,-0.00019055210577789694
758,114,-0.005685280077159405
759,117,-0.034469861537218094
760,113,-0.016460243612527847
761,135,-0.006237291730940342
762,130,-0.011626895517110825
763,130,-0.022312801331281662
764,129,-0.01328037865459919
765,120,-0.011555032804608345
766,119,-0.055507905781269073
767,97,-0.08365840464830399
768,110,-0.06920307129621506
769,118,-0.046548739075660706
770,112,-0.014510352164506912
771,111,-0.0030100205913186073
772,120,-0.0007455825689248741
773,109,-0.0005894869100302458
774,128,-0.0002946489257737994
775,123,0.00026250287191942334
776,100,0.0001193107309518382
777,119,-0.0007324531907215714
778,124,-0.0051290253177285194
779,119,-0.040546342730522156
780,139,-0.035380516201257706
781,134,-0.04547847807407379
782,137,-0.04121925309300423
783,121,-0.005046597681939602
784,122,-0.0020830321591347456
785,133,-0.0007283663144335151
786,116,-0.0010183698032051325
787,107,0.00015348254237324
788,118,0.0005316222086548805
789,129,0.000680985045619309
790,117,0.0025135010946542025
791,123,0.0023408178240060806
792,127,0.0013608529698103666
793,129,0.0019277394749224186
794,129,0.001473800279200077
795,118,0.0003280136443208903
796,123,0.0001644000585656613
797,122,-0.000391332374420017
798,132,-0.000691607128828764
799,125,-7.327882485697046e-05
800,128,0.0014708281960338354
801,117,1.0984870186803164e-06
802,140,-0.00184673722833395
803,132,-0.001590879401192069
804,124,-0.0009786996524780989
805,124,-0.0058324020355939865
806,120,-0.029178794473409653
807,126,-0.011879883706569672
808,143,-0.0012898165732622147
809,133,0.0026685423217713833
810,127,0.051307011395692825
811,148,0.05820923298597336
812,128,0.002515556290745735
813,129,7.184460264397785e-05
814,115,-0.00017756842134986073
815,128,-0.00017997762188315392
816,151,-8.53946949064266e-06
817,124,0.0014301345217972994
818,142,0.3261334002017975
819,156,0.4433479905128479
820,144,0.4143047034740448
821,151,0.3906152844429016
822,143,0.24540863931179047
823,161,0.07740089297294617
824,148,0.012534482404589653
825,146,0.0006792725180275738
826,163,-0.0004979076329618692
827,158,3.4971931199834216e-06
828,171,-0.000827146926894784
829,147,0.0005049936007708311
830,140,0.0029641655273735523
831,158,-0.001195298507809639
832,149,-0.04359736666083336
833,137,-0.07195890694856644
834,166,-0.06836068630218506
835,160,-0.06648822128772736
836,135,-0.04460567981004715
837,161,-0.03667478635907173
838,156,-0.028608275577425957
839,166,-0.032541170716285706
840,160,-0.012971026822924614
841,145,-0.0010698093101382256
842,144,-0.001008134102448821
843,165,-0.0010311013320460916
844,148,-0.003836595918983221
845,166,-0.0025723478756844997
846,145,-0.001669580116868019
847,143,-0.0035275809932500124
848,149,-0.002973452676087618
849,139,-0.0025656051002442837
850,130,-0.004923677071928978
851,134,-0.001698277541436255
852,138,-0.0007461013738065958
853,128,-0.0002316526515642181
854,124,-0.00019976698968093842
855,138,-0.00020351387502159923
856,135,7.099295180523768e-05
857,126,-9.557210432831198e-05
858,134,-9.813690667215269e-06
859,137,-3.094213752774522e-05
860,133,-0.00010277004912495613
861,137,0.00017522936104796827
862,142,0.00022254300711210817
863,145,7.408866076730192e-05
864,135,0.000363484607078135
865,145,0.00019075980526395142
866,141,0.0002487344900146127
867,121,0.0002774719032458961
868,128,0.00037808509659953415
869,122,0.0002544891322031617
870,134,0.00016678831889294088
871,135,0.00023534640786238015
872,147,3.8704991311533377e-05
873,140,0.0001508743443991989
874,131,3.84199847758282e-05
875,143,2.1263704184093513e-05
876,152,7.287387688847957e-07
877,142,-9.650641732150689e-05
878,170,-0.0001464295492041856
879,142,-0.00033119693398475647
880,142,-0.00039115746039897203
881,151,-0.0011474278289824724
882,133,-0.0009344885475002229
883,148,-0.0008205169579014182
884,133,-0.0010653872741386294
885,145,-0.0021850792691111565
886,152,-0.0029555540531873703
887,160,-0.0035439878702163696
888,139,-0.008004234172403812
889,132,-0.010043678805232048
890,152,-0.007942009717226028
891,153,-0.003907084930688143
892,143,-0.0026486762799322605
893,139,-0.0023614715319126844
894,131,-0.0030885350424796343
895,133,-0.0027470476925373077
896,144,-0.001502621453255415
897,120,-0.002638312755152583
898,151,-0.0045531513169407845
899,160,-0.0037330733612179756
900,141,-0.0037310062907636166
901,134,-0.003661172231659293
902,145,-0.0022869445383548737
903,128,-0.0014302341733127832
904,147,-0.0003424396854825318
905,150,8.00584239186719e-05
906,133,0.0009324440034106374
907,123,0.006027054041624069
908,134,0.0033660803455859423
909,138,0.001027176040224731
910,141,0.0007136607309803367
911,128,0.000510046724230051
912,119,0.000982801429927349
913,146,0.004236757755279541
914,134,0.006566960830241442
915,130,0.010421551764011383
916,123,0.008151285350322723
917,146,0.004582877270877361
918,142,0.007940281182527542
919,142,0.00211549224331975
920,118,0.0003998737083747983
921,141,-0.0006524580530822277
922,120,-0.001812827424146235
923,144,-0.003941299859434366
924,133,-0.007333243265748024
925,124,-0.010648488998413086
926,143,-0.009402806870639324
927,131,-0.025350823998451233
928,145,-0.02269722707569599
929,140,-0.004773939028382301
930,136,-0.004183989018201828
931,148,-0.005386964417994022
932,152,-0.0031472081318497658
933,157,-0.004762181080877781
934,140,-0.012417364865541458
935,145,-0.01296786405146122
936,138,-0.002849344629794359
937,135,-0.015563682653009892
938,140,-0.07035514712333679
939,130,-0.09975504875183105
940,143,-0.06359200179576874
941,136,-0.02454523742198944
942,129,-0.02264956384897232
943,167,-0.015154039487242699
944,139,-0.006256362423300743
945,133,-0.0016106583643704653
946,148,-0.0014097669627517462
947,157,-0.0014117845566943288
948,138,-0.0001596776128280908
949,137,7.77199056756217e-06
950,138,0.00013146805576980114
951,128,-0.00010410173854324967
952,137,0.0004860892368014902
953,148,0.002661106176674366
954,138,0.00833667442202568
955,137,0.02478804439306259
956,141,0.04124149680137634
957,148,0.08605115115642548
958,139,0.05999385565519333
959,136,0.03637252748012543
960,154,0.0692628026008606
961,146,0.10423670709133148
962,150,0.06077653169631958
963,155,0.08408169448375702
964,145,0.08862103521823883
965,142,0.03824774548411369
966,144,0.022631701081991196
967,144,0.0037790066562592983
968,136,0.0011817354243248701
969,143,0.00012346130097284913
970,132,-0.0001026626123348251
971,141,-0.000754059583414346
972,134,-0.0015437519177794456
973,150,-0.0014806310646235943
974,132,-0.0009380034171044827
975,139,-0.0003914823173545301
976,140,-0.000578524952288717
977,136,-0.0008878246881067753
978,127,-0.0010018148459494114
979,155,-0.0010346572380512953
980,142,-0.00076977105345577
981,132,-0.0005071645136922598
982,146,-0.0007056700997054577
983,146,-0.0006887407507747412
984,159,-0.0010188042651861906
985,137,-0.0007755482802167535
986,161,-0.0007811369141563773
987,133,-0.0002865725546143949
988,143,-0.0008190694497898221
989,145,-0.0010376141872256994
990,149,-0.0011851000599563122
991,145,-0.0006484608165919781
992,157,-0.0005045568104833364
993,148,0.007098933681845665
994,179,0.08694636821746826
995,176,0.1386120319366455
996,152,0.02256060764193535
997,153,0.000390398723538965
998,147,0.010047685354948044
999,154,0.10772620141506195
1000,141,0.1414353847503662
1001,172,0.10894810408353806
1002,154,0.12048004567623138
1003,171,0.07666456699371338
1004,159,0.06074704974889755
1005,177,0.05379717797040939
1006,176,0.028715621680021286
1007,170,0.044411800801754
1008,166,0.04287745803594589
1009,137,0.025513291358947754
1010,162,0.04295262694358826
1011,166,0.08893879503011703
1012,172,0.06860603392124176
1013,154,0.03412327915430069
1014,157,0.013037841767072678
1015,147,0.04328010603785515
1016,165,0.05389519780874252
1017,164,0.05362090468406677
1018,175,0.01984640397131443
1019,174,0.0023714075796306133
1020,164,0.0012298549991101027
1021,176,0.0006337763043120503
1022,183,0.0007857101154513657
1023,171,0.0008319600019603968
1024,176,2.6125144358957186e-05
1025,185,-0.00025830010417848825
1026,165,-0.0012386022135615349
1027,150,-0.0014669096563011408
1028,181,-0.004277006722986698
1029,168,-0.005674560554325581
1030,166,-0.005354000721126795
1031,193,-0.006408096291124821
1032,198,-2.6427229386172257e-05
1033,193,0.0007876181043684483
1034,166,0.001251314883120358
1035,188,0.0011646484490484
1036,191,0.00013762814342044294
1037,182,-6.049811054253951e-05
1038,186,0.004483513999730349
1039,206,0.06663276255130768
1040,201,0.08584713935852051
1041,191,0.1028868556022644
1042,178,0.12394888699054718
1043,167,0.11654278635978699
1044,190,0.07218392193317413
1045,186,0.02472570911049843
1046,181,0.08152598142623901
1047,188,0.06374238431453705
1048,175,0.016163675114512444
1049,177,0.002233984414488077
1050,184,0.0017950665205717087
1051,183,0.07385788857936859
1052,191,0.06484571844339371
1053,181,0.044347528368234634
1054,183,0.057131078094244
1055,158,0.07605460286140442
1056,182,0.055498622357845306
1057,207,0.03133483603596687
1058,205,0.029205869883298874
1059,168,0.047735415399074554
1060,197,0.03910817950963974
1061,189,0.013924744911491871
1062,205,0.011621266603469849
1063,217,0.0004907733527943492
1064,206,0.00014777350588701665
1065,202,0.0021932318340986967
1066,200,0.020968817174434662
1067,212,0.019138488918542862
1068,189,-0.00010089744318975136
1069,230,-0.0035742628388106823
1070,197,-0.00025851005921140313
1071,212,-2.587078051874414e-05
1072,208,0.00025015673600137234
1073,206,0.004088186658918858
1074,219,0.027667492628097534
1075,207,0.0019670831970870495
1076,233,0.0002448835875838995
1077,216,0.01221011858433485
1078,214,0.07979002594947815
1079,219,0.1424655020236969
1080,235,0.14740893244743347
1081,210,0.17378753423690796
1082,223,0.2935921549797058
1083,212,0.3219042420387268
1084,207,0.35098034143447876
1085,211,0.40515977144241333
1086,196,0.4485689401626587
1087,208,0.3842352628707886
1088,223,0.41775810718536377
1089,197,0.43356865644454956
1090,194,0.4326118230819702
1091,197,0.42255276441574097
1092,222,0.46199220418930054
1093,197,0.5891190767288208
1094,190,0.7988262176513672
1095,181,0.9822163581848145
1096,193,1.0634738206863403
1097,180,0.8855395317077637
1098,186,0.5398603677749634
1099,188,0.0011394115863367915
1100,176,-5.6095756008289754e-05
1101,211,-0.00012811576016247272
1102,238,-0.1415037214756012
1103,235,-0.3408547639846802
1104,201,-0.31877630949020386
1105,221,-0.5967609882354736
1106,202,-0.625166654586792
1107,212,0.2312467247247696
1108,215,0.5240192413330078
1109,221,0.46072855591773987
1110,201,0.5506314635276794
1111,196,0.7189491987228394
1112,183,0.7869594097137451
1113,171,0.5449295043945312
1114,195,0.046408988535404205
1115,194,0.015820279717445374
1116,182,0.10965026915073395
1117,176,0.03843550384044647
1118,215,0.02181389555335045
1119,171,0.0729183554649353
1120,217,0.17033571004867554
1121,203,0.19287633895874023
1122,183,0.2433525025844574
1123,206,0.3275660276412964
1124,237,0.4125480353832245
1125,196,0.564124584197998
1126,227,0.5988203883171082
1127,215,0.7016283273696899
1128,235,0.6517125368118286
1129,200,0.738871693611145
1130,207,0.9934340715408325
1131,218,1.2289763689041138
1132,191,1.3775925636291504
1133,195,1.4760777950286865
1134,199,1.4042911529541016
1135,204,1.2469924688339233
1136,187,1.192241907119751
1137,196,1.4859375953674316
1138,193,1.7002977132797241
1139,179,1.8270900249481201
1140,188,1.7925080060958862
1141,190,1.800311803817749
1142,186,1.5922528505325317
1143,180,1.4345734119415283
1144,179,1.4379161596298218
1145,164,1.3273558616638184
1146,170,0.9805970191955566
1147,199,0.6645069122314453
1148,211,0.5844647884368896
1149,194,0.6664384007453918
1150,184,0.5519455671310425
1151,219,0.3803713023662567
1152,192,0.27347227931022644
1153,203,0.24675048887729645
1154,202,0.2420211136341095
1155,202,0.29703202843666077
1156,205,0.38950952887535095
1157,213,0.4663916230201721
1158,207,0.5296750068664551
1159,203,0.46655991673469543
1160,225,0.4530588984489441
1161,202,0.42251914739608765
1162,201,0.4353175163269043
1163,202,0.3640378713607788
1164,230,0.25151699781417847
1165,217,0.13433150947093964
1166,219,0.11111685633659363
1167,210,0.17769429087638855
1168,213,0.19967010617256165
1169,227,0.10458604991436005
1170,198,0.09198230504989624
1171,211,0.12154372781515121
1172,219,0.15947449207305908
1173,222,0.19411075115203857
1174,201,0.2299356460571289
1175,243,0.07579272985458374
1176,230,-0.022566642612218857
1177,243,-0.03679325431585312
1178,227,0.04532235860824585
1179,242,0.0042527541518211365
1180,237,-0.01815066859126091
1181,246,-0.008174143731594086
1182,213,0.006718204356729984
1183,232,-0.023108672350645065
1184,234,-0.006699292920529842
1185,220,0.08780551701784134
1186,224,0.12543301284313202
1187,200,0.015652306377887726
1188,199,-0.009939637035131454
1189,213,0.0036336607299745083
1190,193,0.026553267613053322
1191,199,-0.0022836674470454454
1192,201,-0.04136551171541214
1193,195,-0.0005558734992519021
1194,170,-0.17462816834449768
1195,191,-0.09948620200157166
1196,211,-0.0061713955365121365
1197,182,0.004496127367019653
1198,178,-0.0074362196028232574
1199,176,-0.020464736968278885
1200,219,-0.011847374960780144
1201,197,0.0038810644764453173
1202,187,-0.013671750202775002
1203,171,-0.019015293568372726
1204,188,0.04568645730614662
1205,145,0.10769131779670715
1206,180,-0.0008902770932763815
1207,177,-0.012495624832808971
1208,185,0.14370745420455933
1209,189,0.1919662356376648
1210,159,0.16879461705684662
1211,191,0.12746325135231018
1212,174,0.12995240092277527
1213,153,0.15829181671142578
1214,155,0.3710610568523407
1215,134,0.7299398183822632
1216,143,0.6935677528381348
1217,139,0.27983853220939636
1218,138,0.28349465131759644
1219,133,0.3942774832248688
1220,124,0.5290767550468445
1221,132,0.6100826263427734
1222,140,0.716700553894043
1223,136,0.8867184519767761
1224,113,0.9536694288253784
1225,110,1.0430344343185425
1226,112,1.1473488807678223
1227,124,1.1946614980697632
1228,104,1.199927568435669
1229,120,1.2241010665893555
1230,103,1.1456639766693115
1231,116,1.1480343341827393
1232,108,1.249464511871338
1233,96,1.2620049715042114
1234,102,1.1579420566558838
1235,92,1.139120101928711
1236,81,1.1416029930114746
1237,73,1.2017430067062378
1238,100,1.387738823890686
1239,87,1.364484429359436
1240,85,1.2506942749023438
1241,87,1.0192720890045166
1242,84,1.164414644241333
1243,84,1.2458409070968628
1244,64,1.3755064010620117
1245,72,1.389663577079773
1246,76,1.3092542886734009
1247,78,1.0264301300048828
1248,78,0.6660274267196655
1249,71,0.36310267448425293
1250,62,0.10497814416885376
1251,62,0.05088933929800987
1252,72,0.008515814319252968
1253,56,0.005290769971907139
1254,44,0.0018678845372051
1255,49,0.0023202793672680855
1256,58,0.001362467184662819
1257,48,0.0021382274571806192
1258,57,0.0024534976109862328
1259,41,0.002629075897857547
1260,49,0.0021133660338819027
1261,51,0.0029740286991000175
1262,37,0.004577308893203735
1263,52,0.0035046334378421307
1264,51,0.00404055742546916
1265,49,0.0019874947611242533
1266,40,0.003245372325181961
1267,52,0.003882391145452857
1268,40,0.0087776193395257
1269,46,0.04755541682243347
1270,51,0.07953168451786041
1271,44,0.05347439646720886
1272,44,0.022029150277376175
1273,40,0.00561682041734457
1274,50,0.005214547738432884
1275,55,0.002797770779579878
1276,51,0.00473707914352417
1277,42,0.0032724409829825163
1278,46,0.0020924885757267475
1279,43,0.004811294376850128
1280,40,0.0035217460244894028
1281,33,0.004928127862513065
1282,49,0.004796617664396763
1283,41,0.010099158622324467
1284,39,0.023469548672437668
1285,40,0.03750927001237869
1286,53,0.030931107699871063
1287,39,0.039360493421554565
1288,44,0.041609182953834534
1289,42,0.044423267245292664
1290,39,0.03673819825053215
1291,43,0.0389193519949913
1292,53,0.03472759574651718
1293,80,0.02484648860991001
1294,41,-0.025386609137058258
1295,36,1.5618162155151367
1296,32,1.1085760593414307
1297,36,0.02656218782067299
1298,33,0.018744301050901413
1299,35,0.7371317744255066
1300,43,1.0486180782318115
1301,46,0.4115428924560547
1302,32,0.2657356262207031
1303,25,0.1749308705329895
1304,21,0.11012215912342072
1305,20,0.08685123920440674
1306,52,0.08015080541372299
1307,33,0.36020463705062866
1308,22,0.2699652910232544
1309,24,0.3413533568382263
1310,29,0.3422277569770813
1311,26,0.4059720039367676
1312,35,0.6352759599685669
1313,40,1.8915367126464844
1314,42,1.3064639568328857
1315,51,1.611508846282959
1316,45,1.5095782279968262
1317,54,0.518993079662323
1318,72,-0.5762956142425537
1319,44,-0.987128496170044
1320,41,-1.4749059677124023
1321,41,-1.6038384437561035
1322,42,-1.7159085273742676
1323,47,-2.0758919715881348
1324,32,-1.8106017112731934
1325,43,-0.5836338400840759
1326,46,-0.06563711911439896
1327,71,-0.05412038415670395
1328,46,-0.05643954873085022
1329,35,-0.03466862440109253
1330,57,-0.0016744802705943584
1331,63,-0.009818251244723797
1332,58,0.0007043621735647321
1333,56,0.02617744915187359
1334,63,0.9206796884536743
1335,48,1.0574264526367188
1336,55,1.1844364404678345
1337,75,1.375706434249878
1338,85,1.263563871383667
1339,84,0.4764358699321747
1340,73,0.9735412001609802
1341,66,1.2356700897216797
1342,69,0.6553983688354492
1343,72,-0.2365870624780655
1344,80,-1.2237920761108398
1345,58,-1.1920487880706787
1346,70,-0.5428363084793091
1347,59,-0.6050786972045898
1348,71,-1.3177143335342407
1349,65,-0.9415582418441772
1350,72,-0.25370970368385315
1351,60,-0.144955113530159
1352,70,0.043236516416072845
1353,53,0.6888949871063232
1354,69,0.8115784525871277
1355,68,0.008529270067811012
1356,71,-0.3530522584915161
1357,61,-0.6387640833854675
1358,66,-0.6995933055877686
1359,80,-0.827109694480896
1360,73,-1.1976370811462402
1361,74,-1.7069008350372314
1362,74,-1.6996843814849854
1363,76,-1.908858299255371
1364,48,-2.5784969329833984
1365,52,-2.863459587097168
1366,48,-2.881730318069458
1367,60,-2.261706829071045
1368,59,-1.6175132989883423
1369,74,-1.1932270526885986
1370,73,-1.3397738933563232
1371,75,-1.3543226718902588
1372,83,-0.801385223865509
1373,78,-0.09785293787717819
1374,79,0.15593694150447845
1375,72,0.4539027810096741
1376,80,0.7902721762657166
1377,82,0.9456319808959961
1378,74,0.9358068704605103
1379,68,0.7833229899406433
1380,77,0.5991573333740234
1381,74,0.31952017545700073
1382,82,0.09823346138000488
1383,79,0.22164344787597656
1384,86,0.742567241191864
1385,82,0.9760679006576538
1386,92,0.730455756187439
1387,83,0.5465291142463684
1388,84,0.610278844833374
1389,78,0.6220725774765015
1390,90,0.422107458114624
1391,92,0.2120954990386963
1392,93,0.3926244080066681
1393,103,0.9126056432723999
1394,97,1.0960936546325684
1395,102,1.1408579349517822
1396,103,0.9850817918777466
1397,79,0.6417556405067444
1398,113,0.34324464201927185
1399,100,0.13346320390701294
1400,98,0.12671244144439697
1401,91,0.4626217484474182
1402,82,0.7342553734779358
1403,110,0.724638044834137
1404,108,5.900517408008454e-07
1405,108,0.37045177817344666
1406,92,-0.3066217601299286
1407,72,-0.7837822437286377
1408,88,-1.5817903280258179
1409,68,-1.8955085277557373
1410,90,-1.837634801864624
1411,74,-1.8341434001922607
1412,61,-1.9613951444625854
1413,74,-1.837721824645996
1414,106,0.34290748834609985
1415,81,1.659481406211853
1416,76,2.608241558074951
1417,86,1.3283958435058594
1418,91,1.159473180770874
1419,83,1.1529371738433838
1420,105,0.8790128231048584
1421,108,0.34474068880081177
1422,107,-0.009525114670395851
1423,108,0.07773779332637787
1424,102,0.35909730195999146
1425,118,0.5207439661026001
1426,113,0.739005446434021
1427,111,0.915286660194397
1428,104,0.6461548805236816
1429,117,0.09634929895401001
1430,110,-0.043443650007247925
1431,111,-0.3206450343132019
1432,109,-0.6901044845581055
1433,109,-0.7643756866455078
1434,98,-0.5005166530609131
1435,122,-0.2128719836473465
1436,129,-0.1804255247116089
1437,110,-0.06836376339197159
1438,100,-0.024881906807422638
1439,116,-0.0033441432751715183
1440,122,0.020356064662337303
1441,111,0.1347009241580963
1442,120,0.34310418367385864
1443,110,0.536117672920227
1444,100,0.8542407751083374
1445,92,1.0770959854125977
1446,87,1.126847267150879
1447,97,1.2249386310577393
1448,105,1.3224213123321533
1449,93,1.4786396026611328
1450,92,1.5710058212280273
1451,112,1.4869670867919922
1452,98,1.1912939548492432
1453,85,0.5700877904891968
1454,118,0.6432765126228333
1455,121,0.9692681431770325
1456,134,1.1568737030029297
1457,120,1.4327224493026733
1458,116,1.5772955417633057
1459,106,1.6468513011932373
1460,107,1.7050533294677734
1461,117,1.6815797090530396
1462,119,1.4588894844055176
1463,109,1.4265193939208984
1464,129,1.5070629119873047
1465,119,1.5909570455551147
1466,123,1.422196388244629
1467,115,0.9228878021240234
1468,110,0.418756902217865
1469,92,0.24107083678245544
1470,106,0.2067151814699173
1471,118,-0.00406684773042798
1472,95,-0.32082200050354004
1473,91,-1.0244799852371216
1474,85,-1.805161714553833
1475,76,-2.1061666011810303
1476,108,-1.4876458644866943
1477,112,-0.8583254814147949
1478,144,-0.44270819425582886
1479,136,-0.11416593939065933
1480,124,-0.004061464220285416
1481,131,-0.010631260462105274
1482,136,-0.02683418244123459
1483,134,-0.18779319524765015
1484,143,-0.46427518129348755
1485,158,-0.47220778465270996
1486,167,-0.26832687854766846
1487,175,-0.08185915648937225
1488,160,-0.09559715539216995
1489,151,-0.03938629478216171
1490,159,-0.10701185464859009
1491,159,-0.34298837184906006
1492,162,-0.04849010705947876
1493,173,-0.14857512712478638
1494,162,-0.09524725377559662
1495,173,-0.09247411787509918
1496,138,-0.08890807628631592
1497,139,-0.06556187570095062
1498,167,-0.074388787150383
1499,142,-0.0565653070807457
1500,144,-0.04635372385382652
1501,152,0.1939849853515625
1502,157,0.9110097885131836
1503,164,1.2076433897018433
1504,152,1.2577273845672607
1505,146,1.0957133769989014
1506,144,1.0002391338348389
1507,134,0.8250519037246704
1508,118,0.4392016530036926
1509,132,0.09045834094285965
1510,122,0.005491442512720823
1511,127,-0.00578681007027626
1512,132,0.014679042622447014
1513,134,0.0010184897109866142
1514,147,0.1384860873222351
1515,181,1.0107769966125488
1516,184,1.9092100858688354
1517,160,2.300527572631836
1518,183,2.377570629119873
1519,153,2.310412645339966
1520,165,2.2939376831054688
1521,162,2.254434108734131
1522,170,2.038311719894409
1523,187,1.899611473083496
1524,182,1.7857491970062256
1525,174,1.8749973773956299
1526,186,-1.9439901734585874e-05
1527,162,1.8982701301574707
1528,148,2.0020742416381836
1529,152,2.0932769775390625
1530,167,2.1643362045288086
1531,148,2.2775914669036865
1532,143,2.4434399604797363
1533,135,2.5224716663360596
1534,145,2.4500608444213867
1535,157,2.2516794204711914
1536,150,2.0001473426818848
1537,159,1.8937461376190186
1538,145,1.955618143081665
1539,158,1.9561774730682373
1540,158,2.0174331665039062
1541,129,2.005955696105957
1542,153,1.9162483215332031
1543,143,1.6859557628631592
1544,147,1.350510597229004
1545,135,1.7162559032440186
1546,127,2.0321543216705322
1547,143,1.9333593845367432
1548,158,1.6149516105651855
1549,160,1.3148884773254395
1550,133,1.0628252029418945
1551,121,0.47505974769592285
1552,137,0.12889358401298523
1553,148,0.10026953369379044
1554,142,0.20971548557281494
1555,137,0.6455456018447876
1556,164,0.982919454574585
1557,147,1.3502311706542969
1558,162,1.388134479522705
1559,170,1.4226486682891846
1560,163,1.7602782249450684
1561,162,1.9392770528793335
1562,180,1.949427604675293
1563,167,1.8778562545776367
1564,187,1.8725037574768066
1565,158,1.7837562561035156
1566,173,1.7965242862701416
1567,169,1.7571146488189697
1568,187,1.8153561353683472
1569,161,1.7184696197509766
1570,189,1.630037784576416
1571,160,1.6011230945587158
1572,172,1.581670880317688
1573,173,1.6599195003509521
1574,181,1.8593132495880127
1575,140,2.0134894847869873
1576,148,2.2329962253570557
1577,149,2.2135868072509766
1578,144,2.1799893379211426
1579,169,1.9373927116394043
1580,174,1.1733591556549072
1581,167,0.06098000332713127
1582,188,0.0057464526034891605
1583,162,0.01227419264614582
1584,177,0.12155885994434357
1585,179,0.41606393456459045
1586,164,1.1349246501922607
1587,187,1.7275567054748535
1588,167,1.5966358184814453
1589,189,1.6598458290100098
1590,210,1.5447440147399902
1591,198,1.4481532573699951
1592,176,1.4421896934509277
1593,188,1.5391337871551514
1594,189,1.6085162162780762
1595,203,1.7417612075805664
1596,195,1.8820757865905762
1597,185,1.8630506992340088
1598,181,1.9269758462905884
1599,190,1.9799336194992065
1600,177,2.1066513061523438
1601,190,2.2130913734436035
1602,171,2.315821409225464
1603,177,2.3409013748168945
1604,188,2.399428367614746
1605,166,2.442880153656006
1606,177,2.4633851051330566
1607,183,2.4544878005981445
1608,173,2.495439052581787
1609,163,2.387220859527588
1610,184,2.378308057785034
1611,192,2.347105026245117
1612,163,2.325188398361206
1613,175,2.259763717651367
1614,193,2.179471492767334
1615,186,2.0592098236083984
1616,198,1.8345919847488403
1617,199,1.651605486869812
1618,203,1.8326774835586548
1619,193,1.8018115758895874
1620,162,1.652305245399475
1621,189,1.6013996601104736
1622,192,1.4759944677352905
1623,173,1.2442010641098022
1624,197,1.081071138381958
1625,192,1.130144476890564
1626,210,1.376558542251587
1627,211,0.9402201175689697
1628,208,0.35201507806777954
1629,225,0.3198986053466797
1630,240,0.8579647541046143
1631,231,0.9560316801071167
1632,202,0.8506026268005371
1633,227,0.7890524864196777
1634,241,0.8072464466094971
1635,207,0.7783441543579102
1636,246,0.7475222945213318
1637,218,0.7948052287101746
1638,207,0.8658041954040527
1639,221,0.8846602439880371
1640,219,0.8268736600875854
1641,218,0.8384528756141663
1642,226,0.8154023885726929
1643,194,0.9281238317489624
1644,204,1.0467965602874756
1645,215,1.0857053995132446
1646,200,1.159844160079956
1647,212,1.0970501899719238
1648,207,5.513125529432727e-07
1649,190,0.5187140703201294
1650,221,0.17331984639167786
1651,177,0.37597864866256714
1652,200,0.9003363847732544
1653,213,1.0104739665985107
1654,191,0.9718281030654907
1655,189,1.0658446550369263
1656,187,0.5302578806877136
1657,189,0.15704412758350372
1658,185,0.32296645641326904
1659,174,0.5915651321411133
1660,171,0.7175487279891968
1661,179,1.0448631048202515
1662,170,1.0938529968261719
1663,206,0.6924869418144226
1664,200,0.5993104577064514
1665,173,0.985249400138855
1666,206,1.4292850494384766
1667,173,1.487576961517334
1668,162,1.5524775981903076
1669,185,1.4551970958709717
1670,170,1.2964558601379395
1671,173,1.2821474075317383
1672,204,1.174278736114502
1673,210,1.2186919450759888
1674,171,1.4513925313949585
1675,190,1.492124080657959
1676,154,1.5492019653320312
1677,173,2.0334768295288086
1678,181,2.4793591499328613
1679,170,2.3068864345550537
1680,183,1.898104190826416
1681,208,1.4992965459823608
1682,189,1.108276128768921
1683,188,0.963829755783081
1684,211,0.9608139395713806
1685,229,0.7371008396148682
1686,204,0.6241435408592224
1687,191,0.7621914148330688
1688,211,0.8208142518997192
1689,199,0.6897172927856445
1690,237,0.7361371517181396
1691,210,0.8121939897537231
1692,190,0.8491583466529846
1693,184,0.8423447608947754
1694,193,0.7505707144737244
1695,193,0.5489040613174438
1696,202,0.6380441188812256
1697,186,0.841503381729126
1698,206,0.676849365234375
1699,168,0.6307071447372437
1700,198,0.9134039878845215
1701,174,1.0455840826034546
1702,190,1.1006118059158325
1703,169,1.2194819450378418
1704,164,1.2622045278549194
1705,186,1.2292569875717163
1706,185,1.3109750747680664
1707,165,1.3966368436813354
1708,178,1.414750576019287
1709,170,1.3888049125671387
1710,161,1.4121170043945312
1711,197,1.4109506607055664
1712,188,1.3307727575302124
1713,199,1.2826579809188843
1714,186,1.0206966400146484
1715,196,0.5746363401412964
1716,200,0.297329306602478
1717,165,0.059718720614910126
1718,177,-0.08976554870605469
1719,174,-0.31038957834243774
1720,186,-0.23251064121723175
1721,193,0.029304854571819305
1722,197,0.44851988554000854
1723,192,0.9880210161209106
1724,199,1.3653162717819214
1725,160,1.9677181243896484
1726,152,2.3418819904327393
1727,159,2.337841272354126
1728,186,1.9714133739471436
1729,193,1.3660953044891357
1730,198,0.9744378924369812
1731,228,0.8029996156692505
1732,231,0.7661474943161011
1733,213,0.8353017568588257
1734,200,0.7812631130218506
1735,219,0.5088223814964294
1736,232,0.37922993302345276
1737,225,0.6380031108856201
1738,196,0.7931641340255737
1739,191,0.8906618356704712
1740,205,1.112774133682251
1741,207,1.0727663040161133
1742,222,0.8468639850616455
1743,194,0.6366172432899475
1744,216,0.21295996010303497
1745,222,-0.0974409431219101
1746,205,-0.29382699728012085
1747,206,-0.2242274284362793
1748,234,0.019121605902910233
1749,211,0.31250596046447754
1750,226,0.5924670100212097
1751,198,0.7251006364822388
1752,192,0.7740163803100586
1753,215,0.7086857557296753
1754,229,0.6791364550590515
1755,221,0.5350830554962158
1756,196,0.07713557779788971
1757,197,-0.0017619014251977205
1758,204,-0.006237956695258617
1759,219,0.0031311737839132547
1760,218,0.1232001930475235
1761,212,0.3943758010864258
1762,210,0.7541344165802002
1763,189,0.7757696509361267
1764,200,0.8185826539993286
1765,191,0.8817747831344604
1766,203,0.8798678517341614
1767,208,0.8519467711448669
1768,201,0.8141475915908813
1769,200,0.8736259937286377
1770,195,-5.245553893473698e-07
1771,185,1.0087993144989014
1772,183,1.091599702835083
1773,182,1.0717769861221313
1774,190,0.7567205429077148
1775,161,0.2858164310455322
1776,104,-1.285407304763794
1777,121,-2.812549352645874
1778,120,-2.1668901443481445
1779,178,-1.2405712604522705
1780,185,0.3759109079837799
1781,169,1.436739444732666
1782,180,2.111778736114502
1783,183,1.8546165227890015
1784,181,1.072490930557251
1785,186,0.5801839232444763
1786,202,0.408815860748291
1787,195,0.3758201003074646
1788,201,0.4845713675022125
1789,183,0.4379180073738098
1790,166,0.12058369815349579
1791,178,-0.0915410965681076
1792,182,-0.05733833461999893
1793,206,0.05876529961824417
1794,196,0.27279531955718994
1795,208,0.4332681894302368
1796,189,0.40254324674606323
1797,187,0.37278059124946594
1798,191,0.49934297800064087
1799,182,0.6009619235992432
1800,204,0.5375634431838989
1801,193,0.4416809678077698
1802,190,0.34060242772102356
1803,219,0.2680949866771698
1804,189,0.21697843074798584
1805,187,0.2018221765756607
1806,204,0.09002316743135452
1807,209,-0.002808982040733099
1808,188,-0.02427973598241806
1809,184,-0.2235701084136963
1810,184,-0.4032561779022217
1811,193,-0.3892456889152527
1812,205,-0.3342250883579254
1813,211,-0.19900447130203247
1814,207,-0.011692341417074203
1815,175,0.03528358042240143
1816,193,0.004562273621559143
1817,166,0.040545545518398285
1818,195,0.0530395470559597
1819,194,-0.028380699455738068
1820,194,-0.21521474421024323
1821,196,-0.21747145056724548
1822,189,-0.11504209786653519
1823,215,5.253962444839999e-05
1824,202,0.13690078258514404
1825,189,0.3361136317253113
1826,185,0.2954113483428955
1827,200,0.2808179259300232
1828,208,0.3936561048030853
1829,191,0.43485027551651
1830,197,0.2583417296409607
1831,207,0.021342627704143524
1832,216,-0.09449385106563568
1833,196,-0.057663410902023315
1834,221,0.10170924663543701
1835,184,0.46472159028053284
1836,203,0.6033220291137695
1837,188,0.6175196766853333
1838,187,0.3618004322052002
1839,212,0.08637120574712753
1840,206,0.10919681936502457
1841,219,0.07441868633031845
1842,215,0.007679672911763191
1843,202,-0.034493982791900635
1844,207,-0.324728399515152
1845,210,-0.36637115478515625
1846,233,-0.3166099786758423
1847,219,-0.391096830368042
1848,204,-0.40535277128219604
1849,214,-0.3805777430534363
1850,208,-0.42990678548812866
1851,188,-0.25934654474258423
1852,211,-0.14588746428489685
1853,198,-0.21952477097511292
1854,201,-0.13606220483779907
1855,220,-0.30317920446395874
1856,216,-0.5124459266662598
1857,199,-0.5081804990768433
1858,193,-0.5410927534103394
1859,209,-0.5688918828964233
1860,191,-0.5405290722846985
1861,208,-0.5329707860946655
1862,206,-0.46625930070877075
1863,207,-0.3810047209262848
1864,216,-0.4435562789440155
1865,209,-0.3552711606025696
1866,208,-0.26981592178344727
1867,208,-0.29501062631607056
1868,225,-0.240635484457016
1869,208,-0.2581673264503479
1870,240,-0.2690161466598511
1871,203,-0.07064008712768555
1872,228,-0.018803594633936882
1873,241,-0.048106394708156586
1874,221,-0.06959674507379532
1875,214,-0.11855299770832062
1876,195,-0.1492837369441986
1877,219,-0.10936160385608673
1878,229,-0.19729019701480865
1879,201,-0.21456612646579742
1880,214,-0.13777165114879608
1881,214,-0.11834847927093506
1882,224,-0.11451919376850128
1883,215,-0.020471608266234398
1884,225,-0.018297400325536728
1885,236,-0.10633483529090881
1886,231,-0.07443415373563766
1887,221,0.009072776883840561
1888,226,0.009270016103982925
1889,199,0.010726837441325188
1890,223,0.05793654918670654
1891,207,0.012188857421278954
1892,210,5.423557922767941e-07
1893,205,0.03504759445786476
1894,211,0.19991883635520935
1895,226,0.17287352681159973
1896,207,0.14666689932346344
1897,223,0.14058873057365417
1898,211,0.17413288354873657
1899,213,0.1333371102809906
1900,200,0.1551579087972641
1901,198,0.24266734719276428
1902,232,0.12078771740198135
1903,202,-0.020855434238910675
1904,227,-0.02279585227370262
1905,240,-0.0468452051281929
1906,210,-0.09259511530399323
1907,229,-0.09863190352916718
1908,229,-0.07040935009717941
1909,212,-0.11862392723560333
1910,247,-0.11942242085933685
1911,211,-0.04133928194642067
1912,224,-0.041549500077962875
1913,217,-0.046014100313186646
1914,231,-0.006909816060215235
1915,214,0.050534725189208984
1916,194,0.06186097115278244
1917,214,0.09645962715148926
1918,213,0.18497788906097412
1919,222,0.16371574997901917
1920,209,0.05255886912345886
1921,218,0.061085864901542664
1922,208,0.06032572314143181
1923,218,0.025106841698288918
1924,218,0.02120259404182434
1925,211,0.04670175909996033
1926,228,0.01513686217367649
1927,215,-0.04898788779973984
1928,223,-0.04491642117500305
1929,199,-0.03413043171167374
1930,210,-0.06741347163915634
1931,200,-0.08799389749765396
1932,200,-0.06325681507587433
1933,202,-0.043250009417533875
1934,190,-0.10616765916347504
1935,201,-0.18625444173812866
1936,208,-0.1817886233329773
1937,199,-0.20096732676029205
1938,195,-0.23502905666828156
1939,216,-0.2474052906036377
1940,207,-0.22792552411556244
1941,182,-0.2110649198293686
1942,184,-0.28496724367141724
1943,173,-0.32912343740463257
1944,188,-0.3535241484642029
1945,164,-0.32394474744796753
1946,189,-0.37838971614837646
1947,180,-0.41016942262649536
1948,166,-0.3944990038871765
1949,176,-0.34082871675491333
1950,179,-0.234332874417305
1951,184,-0.1703549027442932
1952,171,-0.10392844676971436
1953,172,-0.009116285480558872
1954,186,-0.010476537048816681
1955,168,-0.03404044359922409
1956,175,0.025183627381920815
1957,168,0.10968992859125137
1958,179,0.1745508909225464
1959,171,0.21736347675323486
1960,162,0.2454257309436798
1961,169,0.21720515191555023
1962,166,0.17197734117507935
1963,170,0.13657164573669434
1964,140,0.17055974900722504
1965,174,0.18409132957458496
1966,158,0.2706480920314789
1967,156,0.30035725235939026
1968,165,0.22092071175575256
1969,175,0.13713338971138
1970,162,0.1524668037891388
1971,172,0.18261702358722687
1972,167,0.22012701630592346
1973,165,0.20733757317066193
1974,182,0.10440560430288315
1975,155,0.03811292350292206
1976,180,0.02196476235985756
1977,176,0.022407330572605133
1978,161,0.007039345800876617
1979,149,-0.0006588444230146706
1980,139,-0.11729848384857178
1981,134,-0.23375841975212097
1982,142,-0.3140926659107208
1983,146,-0.3082461357116699
1984,139,-0.2885644733905792
1985,135,-0.28273820877075195
1986,139,-0.29948103427886963
1987,147,-0.264110803604126
1988,130,-0.18179664015769958
1989,148,-0.14436587691307068
1990,148,-0.1248331218957901
1991,148,-0.10557673871517181
1992,135,-0.05105045437812805
1993,137,-0.05490725487470627
1994,135,-0.0455005019903183
1995,136,-0.03138933330774307
1996,131,-0.019547151401638985
1997,131,-0.021132316440343857
1998,126,-0.021657008677721024
1999,129,-0.06325189769268036
2000,144,-0.06950435787439346
2001,129,-0.0956210270524025
2002,142,-0.10014872252941132
2003,124,-0.10252533853054047
2004,135,-0.08293301612138748
2005,147,-0.07670947164297104
2006,121,-0.05951555445790291
2007,144,-0.055391691625118256
2008,144,-0.0339173749089241
2009,139,-0.03307187184691429
2010,147,-0.014873605221509933
2011,131,-0.04827885329723358
2012,143,-0.05261804908514023
2013,124,-0.05905979499220848
2014,128,-6.483134029622306e-07
2015,133,-0.1004313975572586
2016,122,-0.10340934246778488
2017,133,-0.07791820168495178
2018,144,-0.08153623342514038
2019,118,-0.027996379882097244
2020,136,-0.06468449532985687
2021,147,-0.25444793701171875
2022,133,-0.49664998054504395
2023,131,-0.620468020439148
2024,134,-0.30223459005355835
2025,113,-0.03315107524394989
2026,128,0.006388945505023003
2027,119,-0.0008208721410483122
2028,125,-0.01738148368895054
2029,121,0.010635731741786003
2030,108,0.019850708544254303
2031,116,0.07038004696369171
2032,129,0.11604020744562149
2033,121,0.07978051900863647
2034,133,0.026805691421031952
2035,137,-0.006944932974874973
2036,129,-0.033464379608631134
2037,117,-0.04950140044093132
2038,120,-0.06318041682243347
2039,116,-0.09140917658805847
2040,141,-0.09173860400915146
2041,136,-0.10469548404216766
2042,138,-0.0715537965297699
2043,141,-0.07749365270137787
2044,135,-0.06500843912363052
2045,129,-0.0735374242067337
2046,121,-0.07751074433326721
2047,131,-0.05900932848453522
2048,142,-0.04072592407464981
2049,139,-0.0760984867811203
2050,130,-0.12905049324035645
2051,146,-0.20499414205551147
2052,134,-0.20273688435554504
2053,124,-0.1420678347349167
2054,138,-0.07054835557937622
2055,147,-0.03261738270521164
2056,155,-0.0014231086242944002
2057,140,-0.00891604833304882
2058,144,-0.0021248720586299896
2059,129,-0.008818252012133598
2060,125,-0.011734392493963242
2061,120,-0.02796509489417076
2062,127,-0.016555648297071457
2063,150,-0.014236494898796082
2064,133,0.0006442797021009028
2065,143,0.010830490849912167
2066,117,0.027853693813085556
2067,124,0.025071952491998672
2068,140,0.010467302054166794
2069,114,-0.013618157245218754
2070,127,-0.10573387145996094
2071,139,-0.11995786428451538
2072,132,-0.03149515390396118
2073,127,0.06843605637550354
2074,147,0.2975976765155792
2075,127,0.4656521677970886
2076,128,0.7131874561309814
2077,138,0.8605003952980042
2078,130,0.8370035886764526
2079,136,0.6722086668014526
2080,141,0.6178104877471924
2081,143,0.5330579280853271
2082,141,0.45565590262413025
2083,148,0.4569607973098755
2084,125,0.495486319065094
2085,133,0.5855293273925781
2086,147,0.648373007774353
2087,138,0.6998475790023804
2088,152,0.756609320640564
2089,111,0.8018186092376709
2090,136,0.839622974395752
2091,140,0.81467604637146
2092,143,0.7959721088409424
2093,134,0.7075801491737366
2094,136,0.6369197368621826
2095,126,0.4655960500240326
2096,145,0.35127148032188416
2097,128,0.24999511241912842
2098,137,0.2561178505420685
2099,123,0.26592981815338135
2100,142,0.37565159797668457
2101,151,0.41012781858444214
2102,161,0.3930625915527344
2103,141,0.24539998173713684
2104,147,0.08893901854753494
2105,137,-0.0029973930213600397
2106,150,-0.027277331799268723
2107,154,-0.03510893136262894
2108,154,-0.04310250282287598
2109,117,-0.03362024202942848
2110,158,-0.022831741720438004
2111,142,-0.005274520255625248
2112,143,-0.0009362478740513325
2113,145,-0.013147620484232903
2114,154,-0.0156173687428236
2115,133,-0.02966463752090931
2116,170,-0.019470330327749252
2117,150,-0.00563841313123703
2118,134,0.010192486457526684
2119,152,0.010448167100548744
2120,152,0.01478072814643383
2121,144,0.012331298552453518
2122,141,0.020789291709661484
2123,154,0.024995271116495132
2124,132,0.06667505204677582
2125,162,0.11673255264759064
2126,129,0.14931945502758026
2127,154,0.15326786041259766
2128,151,0.17686420679092407
2129,164,0.18650488555431366
2130,155,0.19336926937103271
2131,142,0.19070711731910706
2132,139,0.16916587948799133
2133,153,0.17882703244686127
2134,148,0.21377094089984894
2135,133,0.1999852955341339
2136,142,0.00012058226275257766
2137,143,0.18877506256103516
2138,147,0.09093619138002396
2139,145,0.011016416363418102
2140,140,-0.027168702334165573
2141,140,-0.13241654634475708
2142,133,-0.23194903135299683
2143,157,-0.28346335887908936
2144,149,-0.2640044093132019
2145,149,-0.19722366333007812
2146,175,-0.14708030223846436
2147,143,-0.05143287405371666
2148,150,-0.008266998454928398
2149,144,0.03693980351090431
2150,132,0.08635944128036499
2151,135,0.135707825422287
2152,125,0.19818267226219177
2153,129,0.2940930724143982
2154,138,0.39271700382232666
2155,120,0.44871851801872253
2156,102,0.35804256796836853
2157,127,0.10359236598014832
2158,119,-0.02979779615998268
2159,113,-0.24541795253753662
2160,112,-0.3435468077659607
2161,112,-0.3178846538066864
2162,98,-0.28042569756507874
2163,113,-0.2655026912689209
2164,106,-0.20209866762161255
2165,102,-0.11047741770744324
2166,117,-0.0681471899151802
2167,114,-0.0594540536403656
2168,116,-0.057987771928310394
2169,129,-0.09892117977142334
2170,129,-0.15344756841659546
2171,124,-0.15154501795768738
2172,126,-0.14661529660224915
2173,120,-0.05524422228336334
2174,109,-0.022053729742765427
2175,108,-0.08910365402698517
2176,140,-0.16357296705245972
2177,120,-0.2788545489311218
2178,123,-0.33847683668136597
2179,98,-0.3439626097679138
2180,105,-0.2944669723510742
2181,109,-0.26507478952407837
2182,104,-0.2003822922706604
2183,101,-0.24555034935474396
2184,114,-0.2937791347503662
2185,109,-0.3264355957508087
2186,102,-0.3158305883407593
2187,117,-0.2942996621131897
2188,108,-0.300075888633728
2189,98,-0.2652650773525238
2190,84,-0.26010116934776306
2191,97,-0.25400274991989136
2192,115,-0.237962007522583
2193,88,-0.22175419330596924
2194,97,-0.19920462369918823
2195,103,-0.19697964191436768
2196,97,-0.19280701875686646
2197,112,-0.17393556237220764
2198,111,-0.1842242032289505
2199,88,-0.18644067645072937
2200,93,-0.1833433210849762
2201,110,-0.1176840141415596
2202,95,-0.0642244964838028
2203,85,-0.03774493932723999
2204,103,-0.03704361990094185
2205,95,-0.03443926200270653
2206,109,-0.01646818220615387
2207,100,-0.005682716611772776
2208,109,-0.0015129619278013706
2209,99,-0.0018152621341869235
2210,101,0.0014455677010118961
2211,104,8.838534995447844e-05
2212,97,-3.895131158060394e-05
2213,96,-0.0017275939462706447
2214,83,-0.001369265140965581
2215,90,-0.0003539319150149822
2216,98,-0.00524749793112278
2217,105,-0.0062800319865345955
2218,105,-0.006366109475493431
2219,84,-0.003566790372133255
2220,104,-0.008881060406565666
2221,108,-0.016144990921020508
2222,92,-0.007184742018580437
2223,100,-0.0018201172351837158
2224,91,-1.952638012880925e-05
2225,102,-0.00041562668047845364
2226,96,-0.0009733702754601836
2227,93,0.0004668499168474227
2228,104,0.001755383680574596
2229,93,0.0009396123350597918
2230,109,-0.005422504618763924
2231,93,-0.02256055548787117
2232,92,-0.022069096565246582
2233,87,-0.026365645229816437
2234,90,-0.05719281733036041
2235,84,-0.04213101416826248
2236,79,-0.02953379601240158
2237,86,-0.017782311886548996
2238,90,-0.0099486717954278
2239,78,-0.005470553413033485
2240,81,-0.00430995412170887
2241,71,-0.005405459553003311
2242,73,-0.002921037608757615
2243,77,-0.0007333538960665464
2244,66,-0.00012266886187717319
2245,70,-0.0009646925027482212
2246,69,-0.002023590262979269
2247,90,-0.0008168212370947003
2248,71,-0.0013141630915924907
2249,53,-0.00043860130244866014
2250,67,7.20009338692762e-05
2251,70,-0.0014050700701773167
2252,63,-0.00010018989269156009
2253,59,-0.0023650233633816242
2254,74,-0.0019156294874846935
2255,72,-0.006433319766074419
2256,78,-0.006118987686932087
2257,67,-0.00013869415852241218
2258,60,-0.0019296517129987478
2259,61,-0.0010652162600308657
2260,72,-0.002688795328140259
2261,56,-0.0017476400826126337
2262,69,-6.291274621617049e-05
2263,71,-0.0032863146625459194
2264,60,-0.005223258398473263
2265,68,-8.636749407742172e-05
2266,55,0.014269312843680382
2267,68,0.03596007078886032
2268,63,0.0488441064953804
2269,70,0.08373665809631348
2270,68,0.1492590308189392
2271,59,0.1819552183151245
2272,58,0.19085226953029633
2273,63,0.2298096865415573
2274,52,0.23501348495483398
2275,62,0.23153477907180786
2276,63,0.2364862859249115
2277,70,0.24310538172721863
2278,61,0.2515754699707031
2279,63,0.2610178589820862
2280,66,0.26861411333084106
2281,60,0.2650260925292969
2282,73,0.27741527557373047
2283,58,0.2530321478843689
2284,68,0.1749022901058197
2285,68,0.10129131376743317
2286,53,0.07774791121482849
2287,64,0.07577406615018845
2288,62,0.03913925960659981
2289,63,0.003173657227307558
2290,74,0.0005022332770749927
2291,63,-3.394445957383141e-05
2292,69,0.0008634912082925439
2293,59,-0.0019530198769643903
2294,62,-0.02162153646349907
2295,58,-0.09388263523578644
2296,61,-0.15001004934310913
2297,69,-0.20643964409828186
2298,63,-0.215631365776062
2299,50,-0.16675928235054016
2300,48,-0.11930356919765472
2301,52,-0.0825909823179245
2302,57,-0.07300223410129547
2303,56,-0.08235159516334534
2304,55,-0.10034908354282379
2305,58,-0.06925264745950699
2306,58,-0.02729395404458046
2307,65,-0.0010555923217907548
2308,62,0.0008714587893337011
2309,56,0.002877624239772558
2310,57,2.671320316949277e-06
2311,64,-1.9456440440990264e-06
2312,61,-0.0004644892760552466
2313,56,-0.010440392419695854
2314,54,-0.03301168978214264
2315,56,-0.026990914717316628
2316,70,-0.01625845395028591
2317,66,0.012551899999380112
2318,63,0.06644551455974579
2319,62,0.1723754107952118
2320,66,0.2355012595653534
2321,73,0.24446991086006165
2322,58,0.23685023188591003
2323,57,0.28152602910995483
2324,59,0.28676146268844604
2325,75,0.26666244864463806
2326,61,0.30288735032081604
2327,63,0.31120842695236206
