frame_index,stabilize_dx,stabilize_dy,stabilize_da
0,0.3590622,-34.297493,0.096730426
1,-26.91593,-28.533436,0.0863581
2,3.1965168,7.0309753,0.06211885
3,-3.7138457,18.977152,0.034544975
4,-1.5339813,38.38079,0.0017870413
5,66.38408,25.947283,-0.011168893
6,71.16032,32.758415,-0.026527906
7,68.3679,29.426125,-0.028976947
8,59.68547,19.879631,-0.029661058
9,49.42493,15.323318,-0.033441707
10,42.74353,15.796408,-0.039169557
11,34.121246,14.769588,-0.04579491
12,25.580936,11.537901,-0.047175273
13,11.540649,4.888776,-0.048639677
14,-5.23689,-1.550993,-0.05063711
15,6.6216316,2.4901946,-0.055516932
16,-3.8764362,0.009322047,-0.059225008
17,-15.382328,-4.174584,-0.05838553
18,-33.709442,-12.135759,-0.058576435
19,-29.671925,-16.705992,-0.05587133
20,-38.57464,-25.946646,-0.049645573
21,-33.338047,-27.475906,-0.044838183
22,-42.817764,-36.843426,-0.039139673
23,-26.555447,-37.35186,-0.03560792
24,-34.2672,-49.08492,-0.025779437
25,-15.168591,-47.413063,-0.023881862
26,-23.348562,-58.65587,-0.018878305
27,-31.340746,-69.53569,-0.013191817
28,-34.944847,-77.48287,-0.0070577925
29,-45.08834,-87.608574,-0.0011589718
30,-58.925537,-100.243484,0.0055049984
31,-55.416855,-103.56388,0.0058351024
32,-64.61913,-111.166504,0.006234983
33,-70.265465,-118.71324,0.006219862
34,-87.176476,-128.88393,0.008699716
35,-99.04808,-130.89478,0.0049819755
36,-108.57416,-134.15309,0.00412708
37,-122.60005,-138.43535,0.004499913
38,-135.68266,-143.21504,0.003343963
39,-145.55142,-148.0053,0.00044541573
40,-154.43117,-151.0177,-0.0033702012
41,-160.27312,-149.38266,-0.009386714
42,-161.41252,-137.38333,-0.022163993
43,-152.75694,-124.68194,-0.033450183
44,-144.18408,-113.87857,-0.04039738
45,-142.472,-104.95506,-0.048235282
46,-135.0574,-92.10818,-0.056908756
47,-107.24983,-72.958046,-0.06217351
48,-90.82843,-61.348022,-0.06266283
49,-80.615776,-57.205612,-0.061283976
50,-69.919136,-55.055573,-0.061559193
51,-61.4993,-52.388794,-0.061995815
52,-51.08484,-46.26129,-0.06399153
53,-43.526115,-41.067616,-0.06396901
54,-31.355305,-32.638298,-0.062186267
55,-19.372871,-33.046913,-0.05884106
56,-18.12318,-35.717857,-0.05629238
57,-13.928724,-36.722763,-0.055234704
58,-13.410079,-40.509235,-0.05094388
59,-18.406487,-52.386696,-0.037876174
60,-38.151978,-72.78397,-0.019264584
61,-59.828705,-90.35058,-0.0069394624
62,-77.012146,-93.50351,-0.007726253
63,-88.98234,-89.62349,-0.012520252
64,-102.52956,-82.97986,-0.016091252
65,-114.291176,-77.20369,-0.018281095
66,-129.386,-70.856865,-0.020307925
67,-145.36903,-59.40172,-0.024931394
68,-157.12538,-46.552956,-0.032467082
69,-164.06206,-34.941868,-0.03700145
70,-172.0171,-27.369968,-0.040271178
71,-177.41162,-23.35768,-0.039812833
72,-186.08307,-24.162022,-0.03678817
73,-193.42337,-25.210215,-0.035182405
74,-195.38115,-20.732845,-0.037555743
75,-191.10318,-12.790701,-0.041382384
76,-181.10837,-6.360729,-0.043309443
77,-171.16562,-4.3131623,-0.037802752
78,-161.94177,-5.447072,-0.033451993
79,-151.95161,-4.540143,-0.02982736
80,-139.50034,-3.2648072,-0.024301395
81,-110.10065,-5.830328,-0.017464388
82,-96.42236,-8.13068,-0.011352893
83,-82.14757,-7.9256926,-0.0075620282
84,-67.06914,-6.1819077,-0.002407303
85,-29.683353,-4.3092747,0.002302189
86,-9.87426,-2.8149662,0.006094032
87,36.80127,-1.8935347,0.009041272
88,56.976818,2.1439104,0.011329469
89,76.090485,6.153179,0.014628679
90,91.31312,10.024815,0.017454354
91,106.93985,16.103174,0.01800739
92,130.19505,13.446599,0.018212877
93,138.7064,17.416468,0.017011654
94,141.86536,23.327644,0.015869832
95,132.22821,17.327377,0.0140923
96,133.28862,25.06261,0.011024946
97,132.53667,33.260216,0.0074611893
98,128.63327,42.665184,0.0016171802
99,126.16681,55.76288,-0.0054475665
100,122.57679,68.38643,-0.010476646
101,116.341515,77.83234,-0.013650474
102,105.744896,83.36331,-0.014645678
103,97.27555,90.91658,-0.017776951
104,89.66106,99.564926,-0.020898022
105,86.87566,114.33757,-0.024936095
106,83.21721,126.82782,-0.02860465
107,78.372086,136.59769,-0.03234571
108,74.976845,146.78423,-0.03806621
109,76.06255,160.92758,-0.045241896
110,76.75478,170.55977,-0.052337445
111,75.795166,178.94409,-0.055725846
112,72.29949,183.3554,-0.059390068
113,68.48604,186.40057,-0.05826362
114,62.414352,183.79655,-0.056201167
115,56.518627,181.41025,-0.05382298
116,52.016163,177.16048,-0.05464749
117,49.206623,171.38373,-0.055245094
118,40.650887,157.96695,-0.048269108
119,39.933186,145.71014,-0.039522804
120,29.902567,132.27263,-0.030512664
121,17.409224,116.99019,-0.020152532
122,7.3079453,109.519714,-0.012698103
123,9.026251,103.62359,-0.0061947377
124,4.380101,89.17713,-0.0020251707
125,0.18971777,77.14576,0.0007271236
126,-3.0099764,64.96725,0.004906291
127,-2.3024797,53.102016,0.007377335
128,-0.9833517,45.996437,0.005665626
129,5.3083296,44.644108,0.0002640949
130,12.043621,41.31759,-0.005466812
131,15.083273,42.50639,-0.009299174
132,18.283707,38.574257,-0.011321726
133,18.49057,36.099617,-0.010833783
134,18.329395,27.727846,-0.00828493
135,17.505417,24.980558,-0.008659052
136,16.945152,22.461735,-0.009503785
137,21.364962,18.955906,-0.010590527
138,20.99689,9.74603,-0.0060037
139,15.669444,-3.534504,0.0034820512
140,9.488527,-14.775117,0.011803531
141,5.8399625,-24.61485,0.019097287
142,1.0426267,-36.18131,0.027135089
143,-4.4988384,-46.14711,0.0339899
144,-0.03489375,-54.193665,0.038174544
145,-3.563449,-60.22304,0.04012183
146,1.7672133,-61.373386,0.0379908
147,3.7576065,-64.62922,0.03831308
148,6.694061,-69.65174,0.038690228
149,8.598105,-72.22401,0.037797607
150,9.300873,-73.64136,0.035920396
151,10.662935,-73.54312,0.03201249
152,11.781712,-71.456856,0.027843557
153,13.099779,-70.381,0.023773067
154,10.083221,-68.37185,0.020036211
155,6.936203,-65.2146,0.015642414
156,3.2233536,-62.82708,0.011434148
157,-1.9451804,-59.489784,0.0069426293
158,-2.348313,-55.448437,0.0019862484
159,-5.347416,-48.7447,-0.0038470244
160,-10.428745,-43.351036,-0.0075860154
161,-14.407964,-39.89262,-0.010159243
162,-20.09888,-39.15394,-0.011293571
163,-25.850737,-36.12842,-0.012008471
164,-30.412642,-32.78178,-0.013109686
165,-34.17446,-29.794748,-0.013201926
166,-35.202427,-28.910627,-0.012829435
167,-37.103085,-27.20631,-0.011893932
168,-38.689487,-24.496601,-0.010905069
169,-38.848576,-22.79919,-0.009905957
170,-38.11014,-21.918102,-0.00792069
171,-38.588486,-21.001972,-0.0051201163
172,-32.293327,-16.918552,-0.0030477261
173,-31.554634,-15.515757,-0.0009235125
174,-28.754986,-13.992627,0.00034684804
175,-27.002415,-12.724867,0.0016922564
176,-24.126957,-12.062991,0.0036153328
177,-23.563963,-10.350721,0.006675836
178,-22.391815,-11.18276,0.010524351
179,-20.992294,-11.273852,0.013764398
180,-19.968819,-13.058491,0.016942542
181,-19.6657,-12.369745,0.020264572
182,-18.264923,-13.587281,0.02331653
183,-15.450628,-17.69624,0.02700165
184,-13.397453,-20.909605,0.02907167
185,-11.710762,-21.598392,0.030165462
186,-11.392969,-20.051346,0.031256847
187,-10.227332,-20.80491,0.030462027
188,-7.864663,-22.49484,0.03158457
189,-6.7088323,-22.556278,0.03122469
190,-6.8921533,-22.89932,0.03011924
191,-7.346008,-25.07925,0.02958972
192,-7.5387,-26.16261,0.030113995
193,-5.458716,-29.248102,0.03215363
194,-5.1075387,-32.602867,0.033825543
195,-4.7885075,-32.611156,0.03348709
196,-6.033159,-33.972996,0.03280049
197,-6.741876,-34.216892,0.031559594
198,-7.251046,-34.56351,0.030188056
199,-6.6186237,-34.8938,0.029224277
200,-6.5863786,-34.264668,0.027482787
201,-6.4523606,-34.446632,0.026839217
202,-5.781879,-34.36096,0.026173947
203,-4.547146,-34.784035,0.026324404
204,-3.8383803,-35.42105,0.026736967
205,-3.1548557,-35.868843,0.027278148
206,-2.5162034,-36.127678,0.027544972
207,-2.226966,-36.684547,0.027728261
208,-1.4169717,-37.11842,0.027919935
209,-0.9436765,-37.86274,0.028167974
210,-0.9833765,-38.192093,0.027841303
211,-0.6973529,-38.183743,0.027313313
212,-0.3230791,-38.726017,0.027031628
213,-0.0702796,-38.92455,0.02653649
214,-0.12687063,-39.106598,0.026181355
215,-0.20123635,-39.139835,0.025695588
216,-7.3295197,-44.788708,0.02604937
217,-7.4573803,-45.15005,0.025722602
218,-7.653901,-45.500893,0.025227671
219,-8.147314,-45.729004,0.024809686
220,-8.700628,-45.89905,0.024063617
221,-8.323631,-47.263103,0.024613753
222,-8.0048065,-48.270237,0.02456804
223,-8.754055,-49.904404,0.025378278
224,-9.757597,-50.411236,0.02544071
225,-10.103483,-50.981018,0.025270382
226,-10.224346,-51.973457,0.025354737
227,-10.150879,-52.78161,0.025797684
228,-10.431305,-53.38243,0.026334222
229,-10.498027,-53.979347,0.026785322
230,-10.606037,-54.09213,0.026849195
231,-10.955135,-53.483948,0.026280843
232,-10.860584,-52.48655,0.025523674
233,-10.5761795,-51.808907,0.025334978
234,-10.730228,-50.64812,0.02535765
235,-12.205198,-48.563488,0.02496326
236,-12.904144,-46.444798,0.023837544
237,-13.652348,-44.268734,0.023081182
238,-14.190588,-41.447594,0.022187099
239,-15.128796,-38.435722,0.021358855
240,-16.101154,-34.83309,0.020576527
241,-17.306099,-31.019613,0.01984265
242,-18.026041,-27.450779,0.018971777
243,-18.699389,-23.749481,0.018371675
244,-19.278309,-20.481028,0.01817248
245,-19.527208,-16.492027,0.017780218
246,-19.778515,-12.978861,0.01788618
247,-18.776096,-10.268757,0.01862938
248,-18.850716,-8.575107,0.020536358
249,-18.63282,-6.405028,0.021974145
250,-19.296188,-5.1914883,0.024709988
251,-16.656103,-2.2131257,0.027031695
252,-15.456323,-1.5553889,0.03017962
253,-14.968116,-0.6580658,0.03268599
254,-13.653063,2.1911306,0.03408944
255,-13.361776,5.1225176,0.033718504
256,-13.225454,8.377518,0.03331506
257,-12.542894,13.014758,0.031322073
258,-10.992767,17.570831,0.02835784
259,-10.248037,22.066582,0.025965765
260,-8.653374,27.009098,0.023607854
261,-6.889104,34.655624,0.020703606
262,-3.572063,40.192623,0.016520174
263,-3.9201078,44.9889,0.011638164
264,1.2051907,52.01987,0.0053948476
265,14.122826,62.853016,0.0010582423
266,18.00893,67.64079,-0.0016130302
267,16.68988,69.7009,-0.0045036604
268,14.906071,68.751854,-0.0014759513
269,9.440218,64.83576,-6.542029e-05
270,10.636928,67.37557,-0.0025116294
271,7.073438,70.25281,-0.008360373
272,1.0904105,71.622345,-0.015084868
273,-2.6904473,75.10872,-0.023361515
274,-4.564768,84.450775,-0.0355068
275,-4.9416637,90.68136,-0.0473375
276,-10.50997,95.246796,-0.058841728
277,-12.471598,98.030815,-0.0679781
278,-12.969807,97.89041,-0.07351621
279,-14.43585,94.83326,-0.07527247
280,-17.476194,90.120674,-0.075463824
281,-19.124762,86.72038,-0.075911984
282,-19.611673,84.69492,-0.07678835
283,-23.096684,81.68377,-0.07782136
284,-27.874779,78.30103,-0.078680865
285,-28.729296,76.93693,-0.08030186
286,-31.563185,75.191444,-0.07980418
287,-33.637558,73.14213,-0.07761427
288,-33.36236,69.478134,-0.07355379
289,-33.80568,64.76169,-0.06796026
290,-35.796234,59.190914,-0.061141875
291,-35.168705,55.421684,-0.055098303
292,-35.276157,49.62819,-0.048178088
293,-34.753822,44.60053,-0.04055454
294,-29.177559,36.41208,-0.030285576
295,-26.675735,27.858322,-0.018959425
296,-22.471333,15.414308,-0.003432639
297,-19.222525,3.5949397,0.0121423025
298,-21.561136,-5.499147,0.024378926
299,-19.279232,-9.881802,0.03124336
300,-20.211195,-11.752656,0.033492
301,-21.548685,-11.658331,0.032456405
302,-21.521141,-10.758795,0.030186355
303,-19.592339,-10.527983,0.028225379
304,-17.827942,-12.078501,0.028245235
305,-15.893938,-12.832704,0.028003981
306,-15.324141,-12.903223,0.026860656
307,-14.3095665,-12.183226,0.024506029
308,-12.619796,-10.784216,0.021124892
309,-12.338663,-11.262049,0.019377049
310,-11.960529,-11.904715,0.017891208
311,-10.521586,-11.60523,0.015860036
312,-10.5047455,-11.018927,0.013676011
313,-10.990729,-8.95219,0.010228947
314,-11.887774,-7.866139,0.0070545273
315,-12.548532,-6.3434677,0.0037553757
316,-11.873085,-6.986006,0.0025587934
317,-11.28827,-7.750283,0.0023390087
318,-9.790493,-8.883012,0.0029121963
319,-9.049147,-9.302952,0.0032471735
320,-9.475146,-9.242737,0.003223757
321,-10.501533,-8.646161,0.0026178374
322,-9.739287,-8.9251585,0.002563199
323,-7.482641,-10.671718,0.0041088667
324,-4.2137966,-13.5800085,0.0073260264
325,-1.2429562,-17.394678,0.011850193
326,1.5472832,-20.338339,0.01621444
327,3.175375,-22.750418,0.020068713
328,4.6146894,-24.473267,0.022959732
329,4.848233,-24.65093,0.024444424
330,3.4390712,-22.669907,0.02326844
331,0.5392294,-17.892735,0.018803021
332,-1.1555376,-14.468932,0.014607861
333,1.0072145,-14.931107,0.013576361
334,5.5339518,-18.623108,0.017259466
335,11.886397,-25.234118,0.023848338
336,14.443754,-32.020065,0.031083532
337,14.839145,-35.894073,0.03616538
338,7.3703613,-37.700962,0.036883544
339,9.202091,-38.770184,0.039385304
340,9.286538,-38.720024,0.039946746
341,9.630816,-37.356148,0.03918193
342,10.952864,-35.89605,0.038030934
343,12.110586,-34.613613,0.037050754
344,13.878033,-33.42026,0.03637067
345,14.06321,-31.717045,0.035343885
346,12.837494,-29.208614,0.03336156
347,11.376867,-24.844944,0.02953907
348,9.744479,-18.859835,0.024597093
349,7.9283743,-12.697346,0.019430587
350,7.5349216,-6.9850106,0.01470568
351,8.677425,-2.0905256,0.011428475
352,10.990952,1.5688958,0.010034351
353,12.3494,5.1318398,0.009445287
354,9.592279,7.013595,0.008914401
355,6.287756,11.396765,0.006802853
356,3.2871556,15.718775,0.0030930936
357,0.96687174,21.252728,-0.0015277364
358,-1.0552468,27.206404,-0.0075426786
359,-3.421908,32.645363,-0.013585638
360,-6.013957,37.896473,-0.019815775
361,-3.4705548,41.3968,-0.024523634
362,-2.2668228,42.000805,-0.026115663
363,3.4002695,43.518356,-0.028486606
364,6.1320868,43.566303,-0.028977161
365,10.753007,44.529404,-0.03087408
366,13.155329,43.839653,-0.031348854
367,11.332419,41.951878,-0.03121085
368,14.124916,37.63396,-0.029005583
369,18.158615,35.467842,-0.028154455
370,22.706913,30.22971,-0.024419563
371,24.298565,23.50754,-0.01934854
372,23.252186,18.960016,-0.016189504
373,22.739298,15.813046,-0.013868798
374,21.005455,13.436491,-0.013458052
375,18.768284,15.823611,-0.01767356
376,18.529518,15.943897,-0.02025196
377,22.965614,11.643183,-0.018733112
378,24.032228,9.340227,-0.017655944
379,29.123653,5.701283,-0.014869051
380,32.94929,-0.11106515,-0.010046989
381,35.59209,-5.4024587,-0.005593857
382,35.329613,-8.407141,-0.002395044
383,32.421,-8.644918,-0.0017144171
384,27.635786,-8.246599,-0.0018509091
385,22.929712,-4.802273,-0.0053087464
386,21.183548,2.133624,-0.012576977
387,22.736746,8.110003,-0.019010428
388,24.05121,9.366822,-0.020587428
389,24.606853,6.788179,-0.017824305
390,26.130226,5.0857644,-0.015450926
391,28.672495,5.8486543,-0.0154773835
392,28.765783,1.0217323,-0.010360412
393,28.404484,-1.1727186,-0.008003083
394,28.019093,-3.5584517,-0.00536494
395,27.619678,-4.6596737,-0.004268571
396,27.615524,-2.2913382,-0.006302301
397,28.021336,-1.9366504,-0.0066870824
398,28.94177,-2.3768368,-0.0065914565
399,31.983839,-3.2282238,-0.0046713613
400,34.968884,-5.130385,-0.0007663993
401,36.08357,-8.306852,0.005612633
402,37.63688,-12.804797,0.014316444
403,38.179916,-15.266529,0.02126594
404,36.09059,-15.499202,0.024042951
405,37.378006,-10.873836,0.023019018
406,36.322433,-7.914889,0.021489304
407,36.484295,-5.170436,0.020047192
408,36.15681,-3.832144,0.020058956
409,36.35481,-2.727773,0.020401817
410,35.733105,-1.7589641,0.020650493
411,36.495213,-0.8766731,0.020831328
412,33.565353,-1.5302861,0.021459581
413,33.505997,-0.56702137,0.02107833
414,32.688847,-0.63365746,0.020637529
415,28.156101,-1.5935531,0.019879041
416,24.150717,-1.9586431,0.018250473
417,20.028965,-3.9189148,0.017089728
418,18.665607,-4.6342072,0.015477421
419,13.977087,-6.870341,0.014156944
420,12.436919,-6.8568397,0.011568995
421,8.577521,-9.273724,0.009496593
422,7.75872,-9.3111,0.006257115
423,4.7848916,-12.282942,0.0042349063
424,3.189082,-15.709349,0.0030283462
425,-0.4931808,-18.884586,0.0019055136
426,-2.6902962,-22.271103,0.0011051772
427,-4.5985703,-25.851116,0.000604796
428,-6.6773324,-28.068188,-0.0006420298
429,-9.011015,-31.031063,-0.0016155988
430,-9.854866,-32.9831,-0.0023260969
431,-11.280034,-35.687878,-0.0024188187
432,-12.734243,-38.015728,-0.00281286
433,-14.204042,-40.817516,-0.0038386553
434,-15.585575,-39.618675,-0.007309174
435,-16.45642,-36.51116,-0.01218644
436,-15.541655,-33.130684,-0.01719751
437,-15.978961,-29.992311,-0.021138841
438,-15.048061,-27.171373,-0.024463398
439,-15.143707,-24.666824,-0.026944632
440,-13.517714,-21.8931,-0.028694596
441,-13.653633,-19.781824,-0.030229809
442,-13.090331,-17.183798,-0.031789985
443,-13.354647,-14.704995,-0.032495797
444,-12.146707,-10.750141,-0.03384401
445,-12.251595,-7.1589756,-0.035978146
446,-9.511362,-0.8397083,-0.03935675
447,-10.531813,5.753145,-0.04281493
448,-10.907688,11.172098,-0.044750124
449,-9.220851,16.31477,-0.047439467
450,-7.61117,20.791687,-0.048905462
451,-6.0610642,26.333624,-0.048772607
452,-2.153781,32.726173,-0.050219577
453,-0.82829666,34.174667,-0.04789094
454,-0.13885975,33.694412,-0.0433139
455,1.5158434,30.929527,-0.037299402
456,0.65202,29.40004,-0.032166045
457,0.0029947758,29.205189,-0.02932685
458,-2.1638465,30.384804,-0.028229706
459,-5.146093,32.521645,-0.028573368
460,-9.455588,32.02863,-0.030136855
461,-10.662331,36.17924,-0.0325913
462,-13.278243,40.456524,-0.035466857
463,-15.062,43.33192,-0.037502646
464,-16.77061,46.16662,-0.03938991
465,-21.111004,49.76917,-0.04257182
466,-23.6521,56.301147,-0.048977118
467,-28.670664,63.901226,-0.056697875
468,-32.123688,69.0282,-0.06268492
469,-37.010532,71.689285,-0.06591994
470,-41.756763,72.18036,-0.06684062
471,-48.436928,70.70199,-0.066246524
472,-52.216732,70.53348,-0.066018544
473,-58.56851,69.715034,-0.06609101
474,-67.18465,71.0025,-0.06878346
475,-73.865234,75.81155,-0.07506488
476,-79.60365,81.28357,-0.08317147
477,-80.40807,84.62039,-0.08923906
478,-82.76428,83.12939,-0.090202145
479,-84.15891,75.40553,-0.08528139
480,-85.00776,63.453266,-0.07540664
481,-87.7384,48.128258,-0.061646976
482,-87.811295,33.562027,-0.048138913
483,-89.78909,18.735535,-0.035006374
484,-89.680275,5.3979197,-0.02299114
485,-91.65751,-8.498371,-0.0101645235
486,-81.40455,-26.843597,0.007059058
487,-62.22405,-48.942818,0.028783977
488,-62.013992,-69.55357,0.051051825
489,-49.16139,-91.27806,0.07512468
490,-39.820774,-108.28198,0.09486528
491,-33.68082,-120.63873,0.11060896
492,-34.445793,-123.91753,0.11642801
493,-36.72966,-120.89184,0.11596116
494,-40.1956,-112.37117,0.10886787
495,-45.233788,-94.261314,0.09253451
496,-55.257774,-72.60196,0.07108857
497,-56.217075,-51.985344,0.05164156
498,-57.074467,-30.98016,0.03145321
499,-58.242805,-12.171729,0.013749042
500,-52.848255,1.1689854,0.0026569786
501,-49.22597,11.967642,-0.006479719
502,-40.61447,17.861238,-0.010360988
503,-31.280453,19.000238,-0.009125316
504,-23.841288,14.187866,-0.0018649977
505,-16.715237,3.9162312,0.0111775715
506,-12.2397,-11.605431,0.030534102
507,1.1943464,-37.687096,0.059251893
508,7.964552,-63.066994,0.08795931
509,15.067934,-86.84463,0.1139587
510,12.00115,-104.112495,0.13355823
511,19.097553,-120.02786,0.1503818
512,18.645325,-126.7192,0.15696199
513,17.16709,-126.74802,0.15569174
514,15.418327,-119.60701,0.14713398
515,13.906204,-108.11812,0.13362254
516,9.470525,-93.8718,0.11738675
517,4.564166,-78.5352,0.10049242
518,1.3088593,-66.3397,0.08588561
519,-1.7504725,-52.6674,0.0706243
520,-3.745593,-40.152313,0.056060284
521,-4.1079063,-28.175032,0.04225798
522,-4.3460927,-16.773916,0.028867677
523,-3.0961885,-8.835225,0.01882589
524,-0.046891212,-4.8300714,0.011457425
525,3.2445536,-2.1691291,0.006699348
526,6.063985,-1.6003792,0.004307605
527,8.164851,-0.6280997,0.0019153624
528,8.474443,1.3913264,-0.0012467396
529,10.516175,5.059097,-0.0053701014
530,10.930002,9.455978,-0.0103881
531,11.625726,14.226576,-0.015868088
532,11.958132,18.847546,-0.021001853
533,12.453415,22.657845,-0.025291145
534,11.904437,26.953354,-0.029758759
535,11.566261,31.038372,-0.03422998
536,12.783232,35.19172,-0.038925108
537,14.31068,38.922565,-0.04220986
538,16.821037,40.640594,-0.04319337
539,19.605373,41.486706,-0.041658323
540,21.41696,39.791542,-0.037573177
541,20.588095,37.298813,-0.031768173
542,16.873735,34.71434,-0.02533659
543,15.267515,31.424149,-0.018455343
544,15.382846,29.267267,-0.012234971
545,10.546696,30.310211,-0.00789512
546,10.941732,27.148388,-0.002141865
547,12.775537,25.981888,0.003089923
548,14.340857,24.853546,0.007686441
549,16.722853,24.437294,0.010860875
550,19.905804,25.270544,0.012001929
551,22.868973,25.615826,0.012176948
552,25.801748,25.608852,0.012112381
553,29.482836,25.29254,0.012475459
554,32.059162,24.564686,0.01409754
555,32.877857,23.996777,0.015834546
556,34.237415,24.731615,0.01610792
557,35.048393,26.530216,0.014663072
558,36.816425,28.606049,0.012271602
559,38.260715,31.026287,0.009158034
560,39.702717,33.6702,0.0055879196
561,40.64467,38.43338,-0.0003855871
562,42.63874,45.052963,-0.009198598
563,46.058296,50.11006,-0.017347338
564,49.37654,50.779987,-0.020943306
565,50.329918,47.308792,-0.020555234
566,50.364655,39.34877,-0.016695675
567,49.328068,29.289518,-0.01116211
568,48.215427,19.107864,-0.005689907
569,45.99316,11.631706,-0.0033356722
570,42.23768,7.8777537,-0.0048661972
571,39.81384,6.30647,-0.008420874
572,37.377773,6.074368,-0.011965666
573,35.535896,3.2507348,-0.012356135
574,32.53522,-0.7177119,-0.01047669
575,32.648,-3.6525831,-0.00768435
576,30.361046,-7.432192,-0.0036642966
577,29.534393,-11.170391,0.0014841799
578,31.4585,-14.201263,0.007424441
579,28.162561,-18.738688,0.01465428
580,25.29773,-20.498812,0.019989885
581,23.666784,-20.717167,0.023241302
582,19.463104,-22.218819,0.024026081
583,18.636019,-21.309462,0.025885422
584,18.12706,-18.96188,0.026351402
585,15.248314,-15.540513,0.025100565
586,12.580958,-11.432081,0.02173821
587,8.927437,-7.7896657,0.017606217
588,5.0063167,-3.122066,0.012115057
589,1.7870198,1.5877676,0.0055963728
590,-0.83224475,6.445326,-0.0010942528
591,-2.7886531,9.570008,-0.007356692
592,-4.571529,10.742081,-0.012251392
593,-6.374009,10.787821,-0.015849903
594,-7.8812923,10.365845,-0.019042727
595,-8.9596405,10.093744,-0.021712445
596,-9.659899,9.506349,-0.023718283
597,-10.937871,8.1948185,-0.024797302
598,-10.755241,6.5796957,-0.025208132
599,-12.22322,3.5577245,-0.024416598
600,-12.25978,3.0319002,-0.024606654
601,-14.581957,0.86556035,-0.024680391
602,-15.065823,0.3322279,-0.025388734
603,-15.646871,-1.209095,-0.025967283
604,-16.01575,-3.41939,-0.0262802
605,-16.23381,-3.488821,-0.0275946
606,-15.486713,-4.0103345,-0.028078405
607,-15.083892,-5.324001,-0.027663933
608,-14.836992,-6.189897,-0.027723936
609,-14.620029,-5.8606606,-0.028966814
610,-13.048867,-5.1870713,-0.030335015
611,-10.7601,-5.5069013,-0.029965617
612,-10.100083,-7.5343714,-0.02822603
613,-8.527184,-10.298801,-0.026258687
614,-6.8442745,-12.787067,-0.024580633
615,-4.444047,-16.037502,-0.022165665
616,-1.3354459,-18.931993,-0.0193967
617,0.6421552,-22.360653,-0.015779078
618,3.026164,-24.320421,-0.012331815
619,5.280542,-26.403835,-0.0092871785
620,7.052845,-27.620565,-0.006803343
621,8.22887,-27.719536,-0.0050659575
622,8.908486,-26.357826,-0.0049148337
623,10.160689,-25.877138,-0.0044098697
624,10.559443,-26.52687,-0.0027713191
625,11.20278,-25.70903,-0.0018592421
626,10.663171,-24.574358,-0.0012452789
627,10.149485,-22.706806,-0.001168122
628,9.739623,-20.916992,-0.0009922185
629,9.563396,-19.57041,-0.00025767717
630,9.507735,-18.98577,0.0010564157
631,9.420356,-19.612757,0.0028912113
632,9.321938,-20.057173,0.004592928
633,9.707216,-19.550272,0.006093324
634,10.356757,-19.60422,0.0077950773
635,10.785097,-18.671947,0.0089025395
636,10.822595,-19.293291,0.009586964
637,10.701413,-19.385427,0.009875812
638,10.570563,-19.868063,0.009948682
639,10.491606,-20.467766,0.009694865
640,9.815276,-21.36864,0.009254482
641,8.644577,-21.201088,0.007809559
642,7.14527,-21.00951,0.005542453
643,6.5401707,-21.095558,0.0032661734
644,5.980353,-21.433842,0.001372942
645,3.588982,-21.811996,-0.0001631369
646,1.1389855,-23.020592,-0.0010693073
647,-2.0614014,-21.615034,-0.0034635912
648,-5.148665,-19.534016,-0.0063102264
649,-8.099538,-16.739214,-0.008622043
650,-11.21253,-15.1857815,-0.009285383
651,-15.432604,-14.888553,-0.0089183925
652,-19.939861,-14.327265,-0.008546868
653,-25.169796,-12.649249,-0.009556998
654,-29.85365,-9.298412,-0.0122378
655,-33.46159,-6.125851,-0.015358094
656,-36.30904,-4.210114,-0.017824762
657,-39.050583,-2.5672188,-0.020046959
658,-42.42733,-1.5165589,-0.022580873
659,-44.83928,0.3739524,-0.02578697
660,-46.196762,2.5410507,-0.029056849
661,-46.635483,3.6731677,-0.031198073
662,-45.61213,5.686856,-0.03314774
663,-45.76482,7.913167,-0.03465931
664,-45.882557,11.372117,-0.036550753
665,-46.265278,14.944187,-0.038175825
666,-45.309105,19.559435,-0.03967197
667,-43.702976,24.800686,-0.040704228
668,-43.361515,28.032898,-0.040221367
669,-41.477787,33.080833,-0.040104326
670,-40.644638,36.55781,-0.038466666
671,-39.01068,39.164375,-0.036353625
672,-37.110767,40.660526,-0.032806113
673,-36.244495,39.40934,-0.026854625
674,-35.107826,37.773216,-0.022014411
675,-33.221447,36.395176,-0.018063968
676,-31.15804,37.092655,-0.015480946
677,-27.152185,38.107563,-0.014645562
678,-21.331518,38.569168,-0.013126902
679,-17.333086,35.98785,-0.008800882
680,-15.994867,32.048332,-0.0018153805
681,-16.65757,26.3022,0.006504068
682,-19.616755,22.446789,0.012155306
683,-19.320915,22.11604,0.013280745
684,-20.070906,21.691519,0.012968235
685,-17.88165,21.364946,0.011580551
686,-14.876486,20.449877,0.010067913
687,-10.507505,18.649813,0.009479793
688,-9.396458,15.9835205,0.0094931135
689,-6.583441,12.464837,0.010551147
690,1.5887213,6.702029,0.0135591235
691,8.536102,1.2368572,0.016809674
692,15.994902,-4.012214,0.020221556
693,23.062054,-8.389084,0.023031332
694,30.15144,-11.916683,0.025181979
695,36.894905,-14.835335,0.02683515
696,43.87416,-18.387907,0.028835295
697,48.93784,-21.656252,0.030908432
698,52.351547,-22.995787,0.03186284
699,54.047424,-23.195139,0.03171679
700,55.75046,-22.930935,0.0314421
701,57.041344,-23.491413,0.031923432
702,57.082184,-23.112825,0.032525923
703,55.944523,-21.83053,0.032169808
704,52.497845,-22.885834,0.03146195
705,50.845192,-19.827938,0.029676788
706,48.96466,-15.759899,0.026891518
707,47.099976,-11.543851,0.023903053
708,44.915115,-7.3866463,0.020967748
709,42.407936,-2.333148,0.017418435
710,39.654568,3.5895743,0.013183018
711,36.85455,8.770853,0.009211628
712,33.9509,13.991577,0.004995757
713,31.313988,18.845787,0.0011320633
714,28.577866,22.968864,-0.002304209
715,25.82675,26.696598,-0.005904745
716,23.580761,29.544128,-0.009356976
717,22.03591,31.320993,-0.011652513
718,20.117136,31.62733,-0.012557295
719,17.046562,31.939901,-0.0131783215
720,13.965975,32.918564,-0.014522156
721,11.64541,34.92959,-0.016531358
722,8.700344,36.746403,-0.018237686
723,5.3230233,38.2102,-0.01916757
724,1.264687,39.212627,-0.019607
725,-2.65928,41.540012,-0.020805536
726,-6.60433,43.39323,-0.022105185
727,-9.55644,44.68404,-0.022778124
728,-11.466482,45.64237,-0.023383714
729,-13.078848,46.549843,-0.023865331
730,-14.096914,46.6513,-0.023651814
731,-15.35888,45.610863,-0.022392152
732,-16.94328,44.48346,-0.02097025
733,-19.085127,43.13553,-0.019081399
734,-21.171658,41.434868,-0.01727346
735,-23.636608,39.86564,-0.015644785
736,-25.954601,38.32263,-0.014514953
737,-27.984028,36.522434,-0.013717349
738,-28.85647,34.298523,-0.012901949
739,-28.861553,30.777456,-0.011629239
740,-29.186152,27.43937,-0.010549109
741,-29.473627,23.86367,-0.00934146
742,-28.849121,22.80402,-0.009562974
743,-28.616524,20.06527,-0.009462405
744,-27.975193,16.599216,-0.0094302995
745,-27.076408,14.828989,-0.010318638
746,-26.964338,10.902408,-0.009558705
747,-25.823753,9.00881,-0.009400833
748,-25.198576,5.7834187,-0.008614022
749,-23.90745,4.8919525,-0.008942723
750,-23.455036,2.8717618,-0.008807125
751,-22.91616,1.1956602,-0.008607306
752,-22.289864,0.29278713,-0.008615211
753,-22.088617,0.12145221,-0.009313328
754,-21.486526,1.2086606,-0.010504681
755,-20.837177,-0.68728954,-0.01019194
756,-20.04712,-1.6432626,-0.009798692
757,-19.938694,-1.778863,-0.0098637855
758,-19.747515,-1.552809,-0.010024242
759,-19.280031,-0.7815234,-0.009856524
760,-19.098541,-0.40292835,-0.009336948
761,-19.132175,0.5946436,-0.009050818
762,-18.582525,0.689164,-0.008220059
763,-17.8316,0.21841079,-0.0068858536
764,-16.682364,-0.11299896,-0.005767895
765,-15.419701,-0.40235257,-0.0047654985
766,-13.766729,-1.4463395,-0.0036005536
767,-11.755459,-1.9291675,-0.0031951093
768,-9.634482,-3.2588115,-0.0026945365
769,-7.6051893,-3.9392977,-0.0027524028
770,-5.403017,-5.1900306,-0.0026536721
771,-2.5347486,-8.622853,-0.0016266655
772,0.19741154,-11.394913,-0.0011760776
773,2.9889545,-16.180502,0.00010351953
774,5.2681456,-16.887268,0.00015235716
775,7.97784,-20.497028,0.0012331083
776,11.301714,-22.730314,0.0018030624
777,12.7567005,-23.531528,0.0016046257
778,14.586563,-24.637835,0.0013348443
779,16.09625,-25.530748,0.001098607
780,17.055996,-25.191132,0.00050411106
781,18.56218,-24.727566,-0.000116806594
782,19.634315,-25.41869,-0.00043897296
783,20.540005,-26.061882,-0.00095614797
784,21.323578,-26.294764,-0.0017906649
785,21.645096,-26.586182,-0.0028080582
786,21.859386,-26.923988,-0.0038670003
787,21.822647,-27.294466,-0.0049047885
788,21.678198,-28.087513,-0.0060335854
789,22.24586,-30.239185,-0.0062257433
790,22.721512,-31.917938,-0.0064304173
791,23.362814,-33.82647,-0.0063932147
792,23.880363,-35.625397,-0.006061864
793,23.800034,-35.983852,-0.0058482164
794,24.123583,-37.611763,-0.0051565734
795,24.342869,-39.026096,-0.0045144735
796,24.59164,-39.979797,-0.0038930918
797,24.748518,-41.08007,-0.0031306949
798,24.751455,-41.60511,-0.0022935765
799,24.534668,-41.77227,-0.001091067
800,24.039131,-42.803455,2.6168418e-05
801,23.921799,-43.22024,0.00069568935
802,23.830082,-43.893085,0.0018478283
803,23.358154,-43.879227,0.0029722787
804,22.3811,-42.893246,0.003534318
805,21.731182,-41.813107,0.0035407338
806,21.546806,-40.73635,0.0036888183
807,21.07681,-40.622585,0.0044975965
808,20.601673,-40.858974,0.005244245
809,19.722754,-42.112225,0.0065888264
810,17.473312,-43.794582,0.008305654
811,14.503805,-45.361416,0.010442446
812,10.526766,-45.72869,0.012271628
813,6.188682,-43.73445,0.0131677985
814,2.1440113,-40.378014,0.013982143
815,-1.3990185,-37.399208,0.014666862
816,-4.9639792,-35.25086,0.0154924635
817,-8.498877,-35.58798,0.017505948
818,-12.242333,-38.412407,0.020154607
819,-17.224154,-43.681767,0.02350393
820,-17.653942,-43.38843,0.02508101
821,-21.947271,-45.073563,0.028070787
822,-25.47998,-43.828903,0.028531833
823,-30.239098,-42.714542,0.029556112
824,-34.686317,-39.473003,0.02929405
825,-38.76211,-34.997845,0.026426934
826,-42.16403,-36.76253,0.025762673
827,-45.438725,-31.0458,0.022987323
828,-48.12132,-25.503273,0.02111696
829,-50.13446,-19.192343,0.019150535
830,-53.568924,-14.48392,0.01703567
831,-56.823402,-9.577744,0.014213152
832,-59.103916,-4.178571,0.011554968
833,-61.426228,-0.37936878,0.00918647
834,-63.31902,4.9009876,0.0070270547
835,-64.62659,9.1401615,0.005838897
836,-65.725555,12.764273,0.0052000466
837,-66.28641,15.655296,0.004737498
838,-66.531815,18.26816,0.004159309
839,-65.86963,21.308428,0.003508102
840,-65.99702,23.038254,0.0029515957
841,-62.477097,25.664381,0.002412411
842,-61.156578,27.989878,0.0014338269
843,-59.257633,30.183899,0.0004538991
844,-57.168343,33.006573,-0.00069866393
845,-53.930767,35.203033,-0.0017534865
846,-51.07066,37.627274,-0.0026197603
847,-47.850986,39.718857,-0.0032866225
848,-43.247017,41.470024,-0.003932572
849,-39.544865,43.44568,-0.004382365
850,-34.920673,44.679695,-0.00433476
851,-30.540367,45.115757,-0.0039596143
852,-25.977478,44.75419,-0.0026392622
853,-21.484602,44.308727,-0.0014434183
854,-14.838369,42.858894,-0.000566386
855,-13.483544,42.493237,-0.0008847171
856,-8.980918,40.990646,0.0006573226
857,-2.354375,39.167976,0.0016010664
858,1.8290854,37.868164,0.0026568633
859,6.5780044,36.47576,0.0031851833
860,9.63867,35.370632,0.0037638987
861,11.223134,34.81911,0.003866498
862,11.614269,34.226532,0.003987687
863,11.730251,33.60054,0.0036771572
864,10.371987,33.423595,0.0027098535
865,11.790612,32.50022,0.0021901755
866,11.559721,32.676243,0.0006788892
867,10.012431,32.51361,-0.0007295556
868,9.86985,32.479492,-0.0024165292
869,9.290563,32.74758,-0.004051662
870,8.571632,33.045094,-0.005555289
871,8.468128,33.242546,-0.0065697185
872,6.848509,33.655193,-0.0076037766
873,7.0883527,33.65255,-0.008049421
874,6.480088,33.62629,-0.008205012
875,5.5093555,33.837482,-0.008512504
876,5.3067436,33.38646,-0.007817112
877,4.97626,32.036274,-0.0062078903
878,4.7532034,31.013357,-0.0046502375
879,5.551489,29.806906,-0.0029538863
880,5.7545166,27.81698,-0.00040430087
881,6.412954,26.135784,0.0018613988
882,6.332966,24.46916,0.0038772253
883,6.221033,23.74062,0.0047943853
884,6.2314177,23.04641,0.0056785718
885,5.6427007,23.058979,0.0060222954
886,5.939093,24.006786,0.0057224566
887,5.3971252,25.48265,0.0047330675
888,4.1074457,26.493652,0.004162611
889,1.4185939,26.882727,0.003998616
890,-0.09156275,27.76209,0.00334967
891,0.31416368,29.477135,0.0020805462
892,1.4996278,31.203167,0.00042541826
893,1.0350113,32.384483,-0.0010242804
894,1.5362763,32.989124,-0.0019069327
895,1.8005204,32.79138,-0.002068129
896,2.7465293,31.708042,-0.0014627487
897,2.270399,31.364988,-0.0014941584
898,4.3309674,30.44302,-0.0009827598
899,6.845,28.519938,0.00030047627
900,8.864143,27.32382,0.0006871517
901,12.482558,25.781652,0.000995812
902,18.694687,24.181522,0.0015690275
903,22.058323,20.052895,0.003241884
904,24.533413,14.891825,0.0053192624
905,25.826527,9.83828,0.0071721515
906,26.446783,4.0464864,0.008602622
907,27.158228,-1.0514722,0.00921108
908,26.977755,-6.5767307,0.009385198
909,29.29843,-9.923616,0.008230153
910,28.94984,-14.61143,0.007291969
911,29.76548,-18.655277,0.0060000937
912,28.994354,-22.878353,0.004952231
913,30.370407,-24.396313,0.003600666
914,28.66362,-28.644672,0.003119848
915,26.182184,-29.571625,0.0020472787
916,25.541433,-30.772768,0.0012151633
917,24.688889,-31.62888,0.000938536
918,23.438103,-33.242687,0.0011849967
919,21.777132,-34.290104,0.0017753073
920,20.775381,-34.090603,0.002384624
921,19.835207,-34.420612,0.0036733774
922,18.992447,-34.175636,0.005037889
923,18.399366,-33.424362,0.0062635266
924,17.957293,-32.57923,0.007596326
925,18.299189,-32.75104,0.0093984585
926,18.206263,-31.723528,0.01052803
927,18.468744,-31.030247,0.011597065
928,18.135044,-30.594654,0.013188062
929,16.915586,-28.86931,0.013976916
930,16.737774,-27.786549,0.014717845
931,16.783192,-27.393406,0.01587894
932,16.528982,-26.44656,0.016545694
933,16.849054,-25.733984,0.016823616
934,17.974873,-25.364422,0.017259993
935,18.878487,-24.483225,0.017725704
936,19.888721,-24.17229,0.018001325
937,21.745872,-23.352526,0.017939756
938,23.658352,-23.020117,0.018070422
939,26.150337,-22.906721,0.018508492
940,28.755543,-23.447702,0.019628188
941,30.685879,-24.219683,0.02093732
942,32.722855,-24.44345,0.021765567
943,34.396687,-24.576166,0.022246538
944,35.832447,-24.795406,0.0227804
945,36.444565,-25.254736,0.022982733
946,37.712524,-25.802898,0.023111982
947,39.056225,-26.62566,0.023446389
948,38.352303,-27.599041,0.024586372
949,39.866283,-28.340279,0.024662388
950,41.02353,-28.900366,0.024553126
951,42.039665,-29.528337,0.02429007
952,42.96628,-29.860006,0.02325263
953,44.365726,-31.493809,0.023521272
954,45.11852,-33.20443,0.023598038
955,49.53998,-36.89688,0.024515327
956,49.22905,-38.1681,0.022782374
957,48.468616,-39.604317,0.022437839
958,54.013676,-44.218704,0.023312202
959,61.36081,-50.690964,0.024747057
960,66.90288,-55.89577,0.025809886
961,68.3519,-57.707027,0.025305457
962,65.82952,-58.31227,0.024594676
963,63.607323,-58.885017,0.023894003
964,61.3034,-58.517838,0.022754751
965,58.98379,-57.720703,0.021612186
966,55.92189,-56.38036,0.020549374
967,54.35014,-54.98613,0.0195248
968,50.943455,-52.227493,0.018346673
969,52.364788,-52.367065,0.018517857
970,55.527744,-51.21971,0.01799222
971,51.451397,-45.597763,0.01624974
972,55.73551,-45.032154,0.017347941
973,52.215942,-40.63911,0.01759442
974,49.05527,-37.24136,0.018674787
975,49.1967,-35.99869,0.020216
976,52.412083,-34.860783,0.02196074
977,49.262005,-30.470827,0.022942387
978,48.835224,-29.433704,0.024095872
979,45.016342,-23.928919,0.02338881
980,43.647182,-19.911457,0.02343905
981,43.054684,-15.636954,0.023316197
982,43.826054,-13.675247,0.02438664
983,43.952362,-11.356728,0.02491598
984,41.1772,-6.595314,0.02408963
985,40.830147,-2.809505,0.0234955
986,38.831715,-0.10417175,0.023334017
987,36.195526,2.7455697,0.02277429
988,33.77179,5.9034333,0.022023125
989,31.310942,10.235041,0.0201213
990,30.345226,12.364765,0.018897733
991,29.7893,15.888563,0.016816398
992,28.397057,18.21358,0.015010547
993,28.35558,19.201756,0.012998274
994,27.523916,19.902588,0.010994512
995,27.129007,20.921942,0.0078225
996,26.13145,22.737621,0.005506768
997,27.23053,21.880892,0.004262448
998,26.795387,22.044277,0.0028148661
999,27.307602,22.124592,0.0010274949
1000,28.134293,20.93427,-0.00017210376
1001,27.264433,21.50622,-0.0024033282
1002,25.878132,23.092669,-0.005642817
1003,25.051128,24.681042,-0.008771139
1004,23.929096,27.40562,-0.012196838
1005,25.082088,27.844027,-0.014127098
1006,23.67834,30.16529,-0.017364703
1007,21.335125,32.537125,-0.020621745
1008,21.687174,32.939472,-0.02223473
1009,20.56668,34.264015,-0.024798624
1010,19.04427,35.3348,-0.027151817
1011,20.702686,37.743816,-0.030452192
1012,19.212198,39.630226,-0.033694007
1013,17.588861,40.271786,-0.03615671
1014,16.132034,41.530334,-0.038932152
1015,15.320488,42.316017,-0.04167841
1016,16.047388,42.082253,-0.04300046
1017,14.222856,41.473988,-0.044017605
1018,13.965727,42.255383,-0.046654213
1019,13.774357,43.157097,-0.049318805
1020,13.388198,43.073624,-0.050211217
1021,12.439695,42.147068,-0.049959783
1022,12.235403,42.378883,-0.0506895
1023,12.849377,42.793804,-0.05134948
1024,12.615896,41.71253,-0.0494731
1025,12.334364,41.515053,-0.04767512
1026,12.810478,43.476845,-0.047414508
1027,11.594869,44.980656,-0.0467345
1028,10.255496,47.043938,-0.04575406
1029,8.531793,49.90233,-0.044449344
1030,7.4140186,51.897903,-0.04307444
1031,6.6197653,52.891087,-0.042854372
1032,5.6321106,52.3157,-0.042201944
1033,5.130189,51.36296,-0.041490924
1034,5.365158,51.06166,-0.041674335
1035,5.0708675,49.967545,-0.04116353
1036,4.990004,49.600452,-0.04082423
1037,4.871888,47.562286,-0.039156668
1038,4.06957,46.59603,-0.03980592
1039,3.3150969,44.061684,-0.038638297
1040,3.2006295,41.395622,-0.0375878
1041,5.022423,39.664032,-0.037597552
1042,8.2395935,37.062378,-0.037536923
1043,8.65124,34.75319,-0.037103925
1044,8.813513,32.612522,-0.036417015
1045,8.655722,29.79573,-0.035093375
1046,8.484986,27.249084,-0.033854112
1047,8.651728,25.37374,-0.03364423
1048,8.7948,24.185984,-0.032910667
1049,8.620552,22.865982,-0.030435557
1050,8.75876,20.54936,-0.02888032
1051,9.284071,18.492867,-0.028424693
1052,9.319035,16.587402,-0.026729334
1053,9.6046715,14.727861,-0.025435073
1054,9.395462,12.254133,-0.024236878
1055,9.599083,10.075735,-0.022877024
1056,9.534521,7.710968,-0.021030914
1057,9.712622,6.0734024,-0.020293469
1058,9.409634,4.0261993,-0.018482048
1059,9.139639,2.000503,-0.016893994
1060,8.870863,0.27830744,-0.015712697
1061,8.77129,-0.17058462,-0.01478866
1062,8.282621,-0.085009724,-0.014560605
1063,8.520337,0.7673433,-0.014883211
1064,8.156359,0.30140626,-0.014357744
1065,7.788654,-0.5829408,-0.01301374
1066,6.174465,-2.1753533,-0.010964154
1067,4.559959,-2.6757708,-0.009030787
1068,3.25394,-2.0466492,-0.0072368956
1069,1.9894272,-1.9502361,-0.004811833
1070,8.0463085,-1.2170291,-0.006514488
1071,7.5886326,-1.2601535,-0.004139156
1072,8.199318,-1.8357767,-0.0020447483
1073,10.477327,-0.73258173,-0.0027182891
1074,10.825211,-1.4711958,-0.00087620504
1075,13.10663,-1.7545624,0.0006147431
1076,15.337141,-1.1386573,5.324837e-05
1077,15.7111225,-3.6295888,0.002301721
1078,16.119915,-6.7891903,0.004185335
1079,18.342852,-7.7315598,0.0033802278
1080,19.9754,-10.058262,0.0045042094
1081,19.878267,-13.763775,0.0062698494
1082,22.020163,-16.444214,0.006240033
1083,23.194849,-19.460915,0.0069125257
1084,21.41977,-23.530416,0.008458586
1085,26.4092,-23.153357,0.0048278943
1086,26.174162,-24.541203,0.0037771375
1087,26.759987,-24.504545,0.0016275225
1088,34.038567,-22.679497,-0.0026275981
1089,42.24309,-21.470339,-0.006326638
1090,54.925797,-20.640364,-0.010239945
1091,60.8323,-20.533932,-0.012711304
1092,61.797146,-22.572742,-0.0133789675
1093,71.237,-22.337875,-0.017257338
1094,76.70773,-24.37323,-0.01983855
1095,90.21437,-25.097353,-0.024828138
1096,94.7196,-26.9565,-0.02836961
1097,98.8183,-25.74087,-0.03333284
1098,97.89641,-23.587486,-0.030720022
1099,94.57736,-18.644043,-0.026576785
1100,92.767296,-7.398649,-0.026120778
1101,92.03259,3.5676506,-0.027153159
1102,92.68743,8.356507,-0.029703574
1103,94.847626,13.098615,-0.03252483
1104,99.63944,16.870655,-0.033406943
1105,106.77025,24.534275,-0.032140765
1106,107.96883,24.288652,-0.030492026
1107,102.31009,19.740047,-0.024126632
1108,102.03434,18.11263,-0.024304945
1109,100.28135,17.079155,-0.018943941
1110,96.120964,14.609094,-0.011617312
1111,95.32687,16.375916,-0.012353908
1112,90.50919,14.894383,-0.005003561
1113,85.86428,18.399405,-0.003410459
1114,82.059586,22.53583,-0.0005196063
1115,79.35455,26.229555,0.00095706806
1116,73.87158,28.317024,0.0030532237
1117,70.78629,32.392128,0.0046543553
1118,66.89282,35.049957,0.004166181
1119,62.89706,37.32817,0.0029180916
1120,58.62755,39.927853,0.003380199
1121,53.16626,41.78376,0.0015842728
1122,47.665512,43.50779,-0.0008129225
1123,42.105255,46.26766,-0.0023025372
1124,36.36454,49.38212,-0.0048699076
1125,27.991962,51.50817,-0.003557951
1126,21.816448,54.614815,-0.0067139836
1127,17.762156,59.47204,-0.010000788
1128,14.434658,62.94256,-0.013699267
1129,7.1934156,62.29185,-0.013439389
1130,0.27669144,59.44604,-0.012113419
1131,-2.2521248,56.94861,-0.011970304
1132,-6.7100725,51.560024,-0.010249252
1133,-7.7275925,48.064594,-0.010600666
1134,-12.242516,41.756912,-0.009822503
1135,-11.909248,38.604836,-0.0099307345
1136,-12.321142,34.039497,-0.009258196
1137,-14.543771,26.62517,-0.008359969
1138,-20.890823,17.286407,-0.004481152
1139,-25.069607,9.891601,-0.0022383467
1140,-29.013931,3.7134953,-0.0014589585
1141,-34.39686,-2.6641226,-0.00026533287
1142,-40.42185,-8.892257,0.00020108465
1143,-45.552452,-13.329571,0.00076725637
1144,-51.730934,-18.069283,0.00095869973
1145,-56.25903,-17.608961,-0.0041945656
1146,-58.774323,-13.630991,-0.011650929
1147,-62.226673,-10.8354,-0.014603181
1148,-66.436424,-7.691605,-0.018230714
1149,-70.523384,-2.0166726,-0.020600064
1150,-74.38981,2.7416403,-0.023891289
1151,-77.058105,7.39614,-0.025027173
1152,-79.16396,10.053431,-0.02688343
1153,-81.2718,10.842503,-0.02426173
1154,-81.85774,11.140104,-0.02140817
1155,-81.321236,10.203136,-0.018172476
1156,-81.200516,6.928574,-0.011785744
1157,-81.02389,3.8840652,-0.0057569784
1158,-79.97633,2.4170394,-0.0014210697
1159,-78.9511,1.0424466,0.0037470069
1160,-79.72649,-2.44565,0.011401738
1161,-80.11485,-5.0795097,0.018440496
1162,-79.46459,-5.413723,0.022185043
1163,-79.2673,-5.577542,0.026349368
1164,-78.15605,-4.1751356,0.027678996
1165,-77.20728,-2.9857883,0.030431274
1166,-76.60244,-2.0643163,0.032917038
1167,-76.9859,-0.8148885,0.035520166
1168,-77.49487,0.7489655,0.038169436
1169,-77.49978,2.7948966,0.039283648
1170,-78.9658,3.39484,0.042533305
1171,-78.61347,5.274645,0.04486876
1172,-78.06158,6.653712,0.047069024
1173,-78.714355,7.4248366,0.050409
1174,-79.24091,8.961752,0.052118663
1175,-78.98622,11.433306,0.052270778
1176,-78.31872,14.155929,0.052491195
1177,-78.26314,16.772854,0.05307835
1178,-78.30943,20.331713,0.051929776
1179,-78.4156,23.979715,0.05046981
1180,-78.871796,27.873943,0.04845139
1181,-78.75337,32.92087,0.045017686
1182,-76.976654,38.735268,0.04045312
1183,-75.234924,44.27027,0.035328366
1184,-73.59787,48.05132,0.030559417
1185,-72.265884,51.994164,0.025951473
1186,-70.3162,56.542416,0.019313265
1187,-67.13875,61.507885,0.013177124
1188,-64.344604,66.28625,0.0065395525
1189,-63.039177,69.91714,-5.427748e-05
1190,-60.500854,75.1285,-0.008278751
1191,-56.22707,82.814735,-0.018594543
1192,-53.166756,89.66115,-0.022145025
1193,-48.207348,98.64538,-0.033736993
1194,-43.451103,106.1767,-0.04332896
1195,-40.005898,111.56883,-0.050946962
1196,-39.146664,114.5168,-0.056282133
1197,-37.930588,118.17701,-0.061908614
1198,-34.725132,123.99913,-0.07019916
1199,-31.890457,129.01366,-0.078212954
1200,-31.376194,130.77365,-0.08150918
1201,-29.670172,133.6147,-0.08581192
1202,-25.311703,138.00717,-0.09190104
1203,-23.763073,138.30835,-0.09433016
1204,-23.348219,138.25394,-0.094758995
1205,-22.735533,138.84592,-0.09632048
1206,-20.66261,139.5265,-0.09920253
1207,-19.945116,141.07748,-0.10153318
1208,-18.6208,137.60194,-0.099233165
1209,-20.260782,135.44006,-0.095934086
1210,-19.622261,133.2338,-0.09350516
1211,-18.916676,131.27313,-0.089869134
1212,-17.594656,127.69943,-0.08498409
1213,-16.052872,122.02208,-0.07723896
1214,-15.145193,113.34058,-0.06735242
1215,-16.374212,105.92638,-0.058166757
1216,-16.447998,101.12339,-0.051620748
1217,-14.149466,95.81531,-0.04677527
1218,-13.350481,92.744965,-0.043189485
1219,-13.404216,90.10083,-0.040062945
1220,-14.104815,87.08306,-0.03738561
1221,-15.125216,84.50693,-0.035256844
1222,-16.288158,80.77138,-0.032142933
1223,-18.20366,76.76146,-0.0290113
1224,-16.394073,72.20916,-0.026076868
1225,-18.50319,66.38889,-0.020825576
1226,-19.878166,60.478275,-0.015924014
1227,-19.063204,53.476254,-0.0102701485
1228,-19.37091,46.398056,-0.004884461
1229,-21.10054,39.69716,0.0007273946
1230,-20.949041,31.767778,0.0056477096
1231,-18.735891,25.62127,0.0115496395
1232,-21.245392,18.281649,0.017218016
1233,-20.356064,13.001663,0.022315128
1234,-19.877157,6.8636303,0.028281644
1235,-20.704916,1.0645208,0.033126514
1236,-19.508818,-5.6962624,0.03820238
1237,-18.166222,-13.9391575,0.044554878
1238,-14.593624,-22.19852,0.052112218
1239,-16.653975,-30.771702,0.057393488
1240,-14.482012,-38.621574,0.062492616
1241,-13.663955,-46.573658,0.06771656
1242,-16.282875,-21.944595,0.06947217
1243,-1.6049212,6.2879086,0.072163455
1244,3.3307948,31.28672,0.075934246
1245,8.08411,58.176537,0.0778949
1246,12.773922,85.5817,0.077063665
1247,15.839722,112.79729,0.074442856
1248,18.484703,143.81857,0.070547156
1249,23.07542,175.1459,0.06458807
1250,27.942787,206.83023,0.058610518
1251,31.518219,238.27815,0.05057395
1252,38.06974,271.19904,0.04297474
1253,46.15797,301.3546,0.035032194
1254,47.680126,333.27374,0.027011648
1255,54.267815,364.62167,0.019028347
1256,63.57669,394.81558,0.010577384
1257,71.970825,426.89032,0.0019288021
1258,76.77174,458.94794,-0.007784074
1259,84.16094,493.75906,-0.01830046
1260,93.74558,525.6663,-0.028382517
1261,99.79616,559.3037,-0.037986223
1262,106.32357,594.946,-0.04758586
1263,126.45141,634.3402,-0.057914328
1264,135.93982,669.0056,-0.06830574
1265,145.11884,702.9423,-0.078575626
1266,159.31581,739.44116,-0.08826011
1267,165.53664,781.75525,-0.09860462
1268,172.71404,824.0859,-0.107814
1269,177.34677,857.0251,-0.11731718
1270,179.63452,894.56604,-0.12796886
1271,184.33678,938.3217,-0.13892622
1272,188.66238,973.6648,-0.14982423
1273,192.68124,1014.9725,-0.16141266
1274,193.97404,1061.9036,-0.17346449
1275,199.36107,1101.9015,-0.18610156
1276,210.84189,1141.6971,-0.19875193
1277,216.68993,1178.8354,-0.21067192
1278,223.04642,1216.476,-0.2223138
1279,227.62726,1258.1628,-0.23308712
1280,231.60385,1303.0134,-0.24297328
1281,235.00516,1346.0365,-0.25282776
1282,238.96858,1383.9777,-0.26231802
1283,240.01344,1424.1897,-0.27195355
1284,241.87157,1461.6581,-0.28118303
1285,248.22964,1507.9927,-0.29100758
1286,249.89767,1546.5381,-0.30073622
1287,253.8804,1590.0254,-0.31098983
1288,260.41437,1637.3103,-0.32076734
1289,265.01868,1679.732,-0.33095628
1290,269.82867,1722.8003,-0.34072214
1291,300.73917,1770.6533,-0.34972882
1292,305.08252,1806.1527,-0.35768878
1293,-103.5588,-1649.1807,-0.13849892
1294,-120.1882,-1620.33,-0.13552715
1295,-156.62088,-1588.7085,-0.13323952
1296,-207.23886,-1543.1019,-0.13926783
1297,-236.18312,-1494.9578,-0.13408987
1298,-263.5593,-1457.7881,-0.11875996
1299,-281.87613,-1430.7681,-0.09862357
1300,-290.81714,-1400.9603,-0.07434337
1301,-299.96426,-1370.4468,-0.04388325
1302,-320.24155,-1343.4844,-0.009413887
1303,-321.8567,-1312.4746,0.0353553
1304,-327.5992,-1248.7126,0.07198962
1305,-342.974,-1148.5118,0.06703314
1306,-331.5069,-1119.6373,0.09459236
1307,-315.86844,-1081.0099,0.11931808
1308,-283.32718,-1058.1029,0.15353242
1309,-285.1874,-1023.5023,0.17592841
1310,-263.69797,-995.09326,0.19983116
1311,-263.44482,-961.04095,0.21885575
1312,-277.57227,-905.8166,0.20521449
1313,-291.17618,-867.5249,0.20029952
1314,-307.29498,-815.55444,0.18090665
1315,-312.76913,-780.93146,0.16722508
1316,-313.06186,-754.20483,0.160155
1317,-304.8848,-731.5309,0.15750484
1318,-294.20135,-718.8298,0.16435988
1319,-270.6125,-710.94446,0.17725039
1320,-248.61389,-714.3299,0.20044139
1321,-220.23877,-713.0264,0.22265412
1322,-197.25975,-708.376,0.24165924
1323,-166.52728,-698.1248,0.2527631
1324,-141.71645,-686.90186,0.25834852
1325,-123.28975,-670.71747,0.25622165
1326,-110.19232,-647.75085,0.24206229
1327,-101.73697,-618.7271,0.21907099
1328,-95.54722,-587.2821,0.19072637
1329,-95.609314,-549.89526,0.15550207
1330,-94.263695,-509.76535,0.11598233
1331,-94.90408,-469.2922,0.07733848
1332,-94.1058,-429.9772,0.04279262
1333,-97.038895,-396.323,0.016650598
1334,-101.91408,-357.2627,-0.010521826
1335,-108.17264,-313.76782,-0.034528844
1336,-114.666985,-271.9706,-0.051991243
1337,-120.07926,-232.75964,-0.064642966
1338,-122.15662,-194.56529,-0.0745792
1339,-118.575775,-161.70886,-0.07560128
1340,-111.29405,-138.23514,-0.067520075
1341,-100.81307,-114.046455,-0.061228078
1342,-88.575966,-85.82614,-0.06052175
1343,-81.68559,-88.302086,-0.062458403
1344,-69.07179,-84.14133,-0.06808072
1345,-60.74263,-84.3976,-0.06426484
1346,-55.634815,-78.37931,-0.061006233
1347,-48.437675,-66.07378,-0.060692914
1348,-41.46656,-51.98907,-0.05991265
1349,-38.891457,-42.512672,-0.05237552
1350,-36.830265,-34.659725,-0.043170214
1351,-33.175865,-33.205173,-0.02740059
1352,-29.415413,-41.336983,-0.0033946093
1353,-24.913654,-54.30883,0.020523276
1354,-18.111824,-61.776306,0.036325365
1355,-8.017108,-65.59735,0.048485223
1356,0.32115555,-66.03148,0.05861647
1357,9.588813,-64.26692,0.06758699
1358,18.214901,-59.023148,0.07539719
1359,25.982529,-51.104527,0.08106216
1360,34.874557,-37.980076,0.08390744
1361,47.982162,-23.99936,0.08672325
1362,60.540726,-11.170852,0.09025449
1363,68.66435,4.1154175,0.08909114
1364,77.12308,24.318525,0.082065515
1365,88.06494,45.65818,0.07330074
1366,98.51447,56.132294,0.07351835
1367,108.91863,60.989693,0.07986458
1368,117.58553,62.7584,0.08845366
1369,127.8589,64.14041,0.09605226
1370,139.14738,64.37153,0.10301074
1371,149.31483,60.7122,0.11198953
1372,156.15761,53.118683,0.12367789
1373,160.18063,43.94805,0.13575259
1374,162.07741,35.141026,0.14622927
1375,161.59753,26.234123,0.1550275
1376,159.30063,18.200125,0.16063067
1377,154.76434,11.338438,0.16171831
1378,147.61504,6.9119234,0.15788342
1379,139.45944,5.829107,0.14872563
1380,131.41994,8.303554,0.13401006
1381,124.324814,13.436625,0.115246676
1382,117.00314,17.774714,0.09628702
1383,106.88794,17.336304,0.08198263
1384,94.95251,14.423067,0.069840945
1385,83.367966,13.803418,0.05591001
1386,73.50563,14.497208,0.041559663
1387,63.705658,14.679502,0.028478727
1388,53.224953,14.655723,0.016694732
1389,43.520782,16.579876,0.004000227
1390,35.73419,20.333572,-0.008669669
1391,28.738094,22.5434,-0.018065251
1392,20.659424,20.360937,-0.021977298
1393,12.337812,15.063087,-0.02114731
1394,5.189069,8.772482,-0.017885989
1395,-0.054060787,5.4147787,-0.015384007
1396,-5.0377626,1.7474298,-0.012644356
1397,-8.589472,0.38402462,-0.011494152
1398,-11.209299,-0.09439325,-0.010628467
1399,-13.112061,-1.028656,-0.008550283
1400,-15.0246725,-4.5419016,-0.0031743664
1401,-18.053442,-10.938212,0.005640718
1402,-21.139626,-16.999617,0.014605464
1403,-25.810694,-12.654185,0.011873567
1404,-28.843489,-15.260334,0.018029194
1405,-31.064182,-12.513675,0.018574193
1406,-32.079647,-4.5903196,0.013650966
1407,-33.205456,10.564743,0.0032036165
1408,-36.260197,30.16566,-0.008480416
1409,-37.57873,52.476425,-0.019222956
1410,-39.42633,76.31157,-0.029401183
1411,-39.783234,92.8293,-0.038435787
1412,-31.976326,106.1989,-0.04576235
1413,-31.725769,112.25374,-0.049991395
1414,-39.727146,107.39311,-0.053671397
1415,-52.292072,92.31517,-0.058299758
1416,-59.028732,59.37539,-0.060738645
1417,-63.743816,55.174126,-0.053856734
1418,-64.92801,48.13662,-0.046216704
1419,-65.419266,42.27761,-0.03889154
1420,-65.62548,41.555275,-0.036238037
1421,-63.84269,43.27506,-0.036043882
1422,-61.045143,44.534306,-0.03438051
1423,-58.26688,43.05383,-0.029738203
1424,-55.212524,38.69611,-0.022076266
1425,-51.695934,31.143963,-0.011402515
1426,-47.740448,21.155426,0.0017185379
1427,-44.147026,11.728371,0.014247457
1428,-40.817017,6.8073015,0.022090062
1429,-37.261833,7.6196585,0.024169557
1430,-32.219704,11.732988,0.022855647
1431,-26.666382,17.47407,0.020121805
1432,-19.992414,23.037506,0.018680759
1433,-14.924559,26.89438,0.019414995
1434,-9.423253,28.042881,0.02338222
1435,-4.4178295,27.672201,0.029288683
1436,0.2891364,26.766676,0.03596062
1437,5.0548377,25.573858,0.04272468
1438,9.805933,23.632883,0.049672153
1439,14.804038,20.403404,0.057060365
1440,20.024223,15.279781,0.06531673
1441,25.512964,7.8169622,0.07488223
1442,30.769892,-1.622921,0.08551399
1443,35.866177,-13.608761,0.0979385
1444,40.15665,-27.926033,0.111363396
1445,43.48241,-42.564404,0.1240858
1446,45.96468,-56.99096,0.13565657
1447,48.73174,-71.83612,0.14675884
1448,51.215584,-86.16566,0.15755695
1449,52.02655,-100.74804,0.16834201
1450,50.157642,-112.94267,0.17670767
1451,48.518192,-119.00546,0.17932463
1452,46.79818,-120.828285,0.17797327
1453,44.70025,-120.62429,0.17478137
1454,40.896877,-120.35788,0.17178813
1455,35.44486,-119.45468,0.16826998
1456,27.801086,-118.63185,0.16529536
1457,17.843744,-117.966965,0.16238186
1458,5.8158674,-116.756165,0.15934546
1459,-8.895658,-115.59205,0.15630561
1460,-23.297052,-113.06766,0.1514
1461,-36.055786,-107.99733,0.14443159
1462,-48.25557,-102.41789,0.1369158
1463,-60.219467,-98.19087,0.13048235
1464,-72.835205,-95.26271,0.124576345
1465,-84.634,-91.83511,0.117216304
1466,-94.84405,-86.37395,0.10783706
1467,-101.37875,-77.15647,0.09490528
1468,-106.48199,-68.11341,0.08244987
1469,-111.27485,-59.23084,0.069849715
1470,-115.048256,-49.02142,0.05549431
1471,-116.30965,-36.37359,0.038628593
1472,-116.6116,-18.39481,0.015967589
1473,-117.119064,7.8446674,-0.01635424
1474,-122.44997,37.374493,-0.054381054
1475,-120.87667,57.14024,-0.08008333
1476,-119.36582,70.207924,-0.09649144
1477,-117.65014,79.78211,-0.107543655
1478,-116.52174,88.059944,-0.11598712
1479,-114.973946,95.26931,-0.12186836
1480,-112.472755,101.52775,-0.1259528
1481,-109.6649,108.351654,-0.12972426
1482,-106.17416,116.927795,-0.13451333
1483,-102.50995,127.00942,-0.14029542
1484,-97.061134,136.12529,-0.14465828
1485,-91.684586,143.99068,-0.14717321
1486,-86.25105,149.5954,-0.14701106
1487,-81.15049,153.60579,-0.14494075
1488,-77.272964,157.06807,-0.14248627
1489,-71.590706,162.89551,-0.1421086
1490,-65.88697,168.43991,-0.14163548
1491,-60.380875,174.11917,-0.1404529
1492,-54.517067,176.57707,-0.1367461
1493,-49.01485,176.9123,-0.13121748
1494,-44.060917,176.55376,-0.12502196
1495,-38.01192,176.64069,-0.119195156
1496,-32.726597,173.27881,-0.11173901
1497,-26.798801,169.9735,-0.10465048
1498,-20.683434,165.20142,-0.097502425
1499,-13.38615,160.46597,-0.09093578
1500,-5.6921053,152.73247,-0.08351106
1501,2.813098,141.81384,-0.07429622
1502,11.023844,128.6553,-0.06386256
1503,17.110914,115.52016,-0.054008193
1504,22.936642,103.07208,-0.045810387
1505,27.744995,92.65121,-0.040300176
1506,31.936,83.1706,-0.036122985
1507,34.33725,76.684456,-0.034914885
1508,36.16559,73.185234,-0.037622757
1509,37.761105,72.92858,-0.043466315
1510,38.650715,75.620804,-0.052513734
1511,38.864555,81.17574,-0.063531935
1512,38.324135,88.322105,-0.075719155
1513,37.3365,94.89392,-0.08582275
1514,34.732002,99.15854,-0.09191994
1515,29.774336,101.01194,-0.09532734
1516,22.807188,101.140724,-0.0952821
1517,13.778102,99.49302,-0.093291044
1518,5.732745,96.923904,-0.09050982
1519,-4.4828105,94.793785,-0.0873892
1520,-11.877081,95.223236,-0.08656178
1521,-17.005756,100.00247,-0.08919023
1522,-22.616388,103.98021,-0.09216056
1523,-26.004906,109.17996,-0.0956267
1524,-26.903193,111.99173,-0.09649659
1525,-36.200653,122.899376,-0.09830987
1526,-38.486237,121.78521,-0.0950815
1527,-42.27778,116.7694,-0.087371685
1528,-43.98458,109.51952,-0.07769147
1529,-45.263237,99.91142,-0.06570316
1530,-43.707405,88.74379,-0.052567624
1531,-45.85111,75.20149,-0.037352465
1532,-45.903305,60.374672,-0.021147955
1533,-47.270714,44.85936,-0.004737327
1534,-48.427593,30.669455,0.009778643
1535,-47.963627,20.632631,0.019691356
1536,-45.836063,13.063843,0.026382292
1537,-42.35844,6.4459286,0.031302094
1538,-39.219734,-0.06801224,0.03640703
1539,-36.207233,-6.299858,0.040836446
1540,-35.329563,-15.106119,0.047425598
1541,-35.156517,-21.139782,0.051408716
1542,-33.80894,-24.614357,0.052584603
1543,-30.367771,-25.668512,0.05136056
1544,-26.72313,-27.445314,0.051201854
1545,-23.561882,-30.823706,0.052507184
1546,-22.19082,-35.273193,0.05494418
1547,-20.395006,-38.123047,0.05468853
1548,-18.631561,-39.60502,0.05290813
1549,-16.98058,-41.73627,0.05065745
1550,-14.109117,-40.001827,0.044870805
1551,-10.22814,-37.015163,0.037263434
1552,-5.0424194,-31.114674,0.02872989
1553,0.32435894,-26.123722,0.0188023
1554,4.288636,-22.3049,0.011644081
1555,6.0546217,-18.517467,0.004867566
1556,9.07547,-15.561083,6.674812e-05
1557,11.359244,-11.8345785,-0.004927001
1558,13.251659,-7.211298,-0.009932353
1559,14.147327,-2.7028475,-0.014034297
1560,13.9728775,1.5640287,-0.01758732
1561,14.269271,6.161269,-0.020636585
1562,15.14159,11.456457,-0.024265632
1563,16.38224,16.315294,-0.026996713
1564,16.879572,19.648232,-0.027689511
1565,17.877998,23.06,-0.029203618
1566,18.87279,25.963608,-0.029938843
1567,19.833834,27.928524,-0.03085844
1568,21.545673,28.742462,-0.029866736
1569,23.282091,29.299326,-0.029246824
1570,26.092781,29.330769,-0.028151017
1571,28.734514,28.110418,-0.026945416
1572,32.719044,25.74521,-0.024072737
1573,36.71121,21.234785,-0.019450564
1574,39.658707,11.9399395,-0.010644899
1575,42.48589,1.4590816,-0.00039952435
1576,44.529465,-10.126202,0.0102823
1577,46.58716,-20.552248,0.01927958
1578,46.855236,-26.863007,0.024199137
1579,48.891335,-27.794403,0.02356391
1580,51.565453,-23.722952,0.017505605
1581,54.895416,-16.694616,0.008003669
1582,60.050762,-8.040971,-0.00236528
1583,66.30719,-0.14706707,-0.010709666
1584,69.112724,5.520102,-0.016332854
1585,72.61367,10.823511,-0.020580657
1586,74.37765,12.448297,-0.021110006
1587,76.01576,11.985064,-0.018359194
1588,74.68215,9.096013,-0.012936323
1589,72.33385,7.3125067,-0.008868322
1590,71.50967,9.059736,-0.007469048
1591,70.065025,11.846858,-0.007463525
1592,68.4768,14.691566,-0.007773311
1593,66.07661,16.430332,-0.0073776203
1594,62.891483,16.885372,-0.0056815566
1595,59.07917,16.19326,-0.0035916974
1596,54.774815,16.153843,-0.0027885954
1597,50.543583,17.190742,-0.0035372018
1598,46.498455,18.414091,-0.0042554718
1599,41.838394,17.98611,-0.004699531
1600,36.41015,15.919906,-0.0034452518
1601,30.694847,12.616499,-0.0018937318
1602,24.707998,8.928446,0.00018531922
1603,17.84134,4.578518,0.0020550368
1604,11.898757,-0.45686722,0.0041460074
1605,6.5258765,-5.2874966,0.0054729627
1606,1.9769063,-9.116903,0.0063421233
1607,-4.846536,-14.8841095,0.007622361
1608,-11.385591,-18.96592,0.0077612363
1609,-16.964283,-23.587105,0.007717874
1610,-19.860756,-27.418,0.007286492
1611,-25.040142,-32.150196,0.007640611
1612,-29.401047,-36.585964,0.008014178
1613,-33.860466,-41.510773,0.008733855
1614,-37.102585,-45.69828,0.008526339
1615,-39.899933,-49.351818,0.008494428
1616,-41.61262,-52.443104,0.0076934025
1617,-43.13316,-55.84419,0.007889483
1618,-44.481697,-60.21779,0.00947226
1619,-44.160408,-64.049995,0.0117632765
1620,-45.209137,-67.92058,0.014290612
1621,-44.884758,-68.68944,0.014349969
1622,-44.87389,-68.19616,0.012768174
1623,-44.864265,-66.28186,0.01029133
1624,-44.708138,-63.506638,0.007908871
1625,-44.556236,-61.31993,0.005909904
1626,-45.13621,-57.889267,0.0031304078
1627,-44.613415,-51.69737,-0.0017541237
1628,-42.324764,-44.802013,-0.006918842
1629,-40.043213,-39.71321,-0.009587012
1630,-38.482723,-37.15468,-0.010272148
1631,-36.518166,-35.56419,-0.009598445
1632,-34.127754,-34.276512,-0.00838336
1633,-31.672394,-34.427704,-0.006006012
1634,-28.966503,-34.750816,-0.003356941
1635,-26.424515,-35.301037,-0.00014790148
1636,-23.472988,-36.215794,0.0032930626
1637,-20.091198,-37.860596,0.0075149983
1638,-17.429556,-39.59514,0.011388779
1639,-14.721504,-40.349117,0.013862234
1640,-12.334253,-40.64643,0.014962046
1641,-9.236146,-39.727276,0.014470877
1642,-5.3064203,-38.968685,0.013790447
1643,0.36383915,-40.28971,0.015047866
1644,4.539033,-44.183994,0.01879475
1645,8.454698,-49.104492,0.023102209
1646,11.386769,-53.020927,0.025824206
1647,7.1945734,-45.396397,0.022992333
1648,11.077259,-45.399975,0.021393808
1649,16.290625,-42.771057,0.017064657
1650,21.557686,-40.694607,0.012364691
1651,23.454071,-40.668602,0.009706752
1652,25.513206,-41.217648,0.00708327
1653,27.957201,-40.25466,0.0032969215
1654,27.826954,-40.527348,0.00018187636
1655,27.569624,-39.968925,-0.0049374616
1656,32.39133,-34.287815,-0.013257002
1657,33.887035,-30.598171,-0.02088445
1658,38.034576,-28.212284,-0.026802083
1659,38.46429,-27.203344,-0.031246886
1660,40.479984,-24.519592,-0.036543448
1661,40.520676,-24.874115,-0.040400833
1662,41.40524,-22.75713,-0.045538336
1663,44.222492,-20.026323,-0.051172614
1664,47.4902,-17.352802,-0.05421566
1665,49.02533,-16.737555,-0.05632007
1666,51.97355,-16.718472,-0.05446832
1667,53.25291,-21.382519,-0.050079264
1668,57.652016,-22.873363,-0.04669904
1669,56.917423,-26.914402,-0.041197788
1670,59.620037,-31.450901,-0.03656916
1671,62.09288,-35.67439,-0.03215789
1672,63.039894,-37.322544,-0.027656995
1673,62.35853,-41.95806,-0.021807028
1674,59.39829,-45.480183,-0.013786318
1675,56.625294,-49.96994,-0.0064582964
1676,51.881683,-57.14727,0.0065481104
1677,43.388012,-69.14514,0.022960424
1678,38.799316,-78.95446,0.037145164
1679,32.485085,-88.20907,0.05128239
1680,30.703148,-90.63481,0.0604332
1681,30.253021,-91.25657,0.06701986
1682,33.514996,-88.39164,0.0722651
1683,33.788933,-88.367004,0.077950716
1684,34.732204,-85.03505,0.08115666
1685,37.530697,-81.56174,0.08295948
1686,38.8677,-79.89103,0.08480715
1687,38.946175,-77.78203,0.08728856
1688,39.45958,-75.3734,0.08856663
1689,40.22139,-73.187675,0.08874205
1690,40.22685,-71.00431,0.08868223
1691,39.640945,-68.434494,0.08866885
1692,39.10394,-65.376076,0.087285705
1693,39.52094,-61.82135,0.084215336
1694,41.161892,-55.062393,0.07927179
1695,42.28825,-49.165142,0.07456523
1696,41.415077,-46.052864,0.07178245
1697,40.104095,-42.397663,0.06776988
1698,39.788353,-37.02604,0.06310866
1699,38.17819,-33.5733,0.060097866
1700,35.753006,-31.437443,0.057424583
1701,32.7366,-29.351805,0.05533545
1702,29.032923,-29.090952,0.05452092
1703,24.108316,-28.944376,0.05470167
1704,20.003847,-29.014282,0.054265767
1705,15.103491,-30.412045,0.054994583
1706,11.580011,-30.57716,0.057230536
1707,6.606443,-33.569912,0.058742847
1708,2.1449227,-35.901646,0.06025446
1709,-2.6262822,-39.79961,0.061936762
1710,-7.3942537,-43.11535,0.06363365
1711,-10.2596035,-41.682663,0.0641101
1712,-12.760475,-40.902706,0.06253423
1713,-14.546746,-38.748455,0.057377905
1714,-15.041184,-33.3263,0.050180197
1715,-14.561415,-26.57762,0.04042319
1716,-13.273609,-17.087551,0.02848917
1717,-11.175096,-4.322773,0.013248974
1718,-8.239797,10.293814,-0.0038551688
1719,-6.665593,23.669418,-0.016897563
1720,-4.3457155,36.703262,-0.031034533
1721,-3.6048343,45.925495,-0.040786795
1722,-4.9868536,50.815155,-0.04593175
1723,-10.118897,52.210484,-0.045526497
1724,-16.387981,48.1892,-0.041673854
1725,-23.624844,40.108093,-0.03415359
1726,-31.521328,30.606339,-0.02489462
1727,-39.213684,23.326996,-0.019452075
1728,-45.06901,20.410667,-0.014793723
1729,-48.2415,20.770401,-0.0114691695
1730,-48.23832,20.067724,-0.011039173
1731,-47.334476,19.593967,-0.010978249
1732,-46.70813,18.239565,-0.009734785
1733,-46.089447,16.97891,-0.008377911
1734,-44.659363,16.248323,-0.008538647
1735,-41.30153,17.20975,-0.009729793
1736,-38.160492,15.874756,-0.00867613
1737,-35.94258,11.89163,-0.004750643
1738,-34.280098,5.299202,0.001467661
1739,-34.93797,-2.0381784,0.008769901
1740,-35.06717,-10.347806,0.01700705
1741,-34.348446,-14.387275,0.021534532
1742,-32.423088,-14.526006,0.021766778
1743,-30.953789,-12.641008,0.019727523
1744,-28.427753,-8.281397,0.015437057
1745,-24.540625,-1.7626638,0.009028466
1746,-20.470829,4.225981,0.0033018235
1747,-17.052046,6.028736,0.001573331
1748,-14.144641,6.8063183,0.0016496142
1749,-11.503397,5.009366,0.0039534657
1750,-9.894288,1.1595893,0.00847683
1751,-9.115304,-3.4791653,0.013462788
1752,-8.130719,-7.849142,0.017442754
1753,-6.2720556,-11.28057,0.02081705
1754,-3.56105,-14.816547,0.023837645
1755,-0.6762395,-16.975851,0.024809357
1756,3.6052818,-18.193161,0.024632096
1757,8.110779,-19.676485,0.02414388
1758,12.751759,-22.864168,0.025123645
1759,16.892292,-27.486511,0.027238382
1760,21.057058,-33.225414,0.030397473
1761,24.847689,-40.641144,0.03513047
1762,28.043234,-49.66205,0.041483823
1763,30.49317,-59.48767,0.048778694
1764,33.165573,-69.04828,0.056236614
1765,34.82852,-78.074486,0.06323131
1766,35.70621,-85.60129,0.06868685
1767,36.63036,-91.82423,0.07333413
1768,37.307945,-98.351494,0.07876362
1769,35.46097,-99.523315,0.08048311
1770,35.850418,-106.71367,0.087074
1771,34.994648,-113.44788,0.09358087
1772,32.42459,-118.68667,0.09867283
1773,29.617723,-120.1166,0.09994355
1774,25.11131,-116.2073,0.09525196
1775,24.068615,-100.00711,0.07515396
1776,21.04212,-57.552525,0.02551172
1777,22.45279,-22.863724,-0.015997969
1778,21.425262,-1.6727386,-0.043080717
1779,21.148184,1.3849251,-0.051462527
1780,15.297962,-3.372713,-0.050375536
1781,3.2445402,-12.899895,-0.042763703
1782,-11.056822,-22.46023,-0.03479589
1783,-18.458956,-24.914673,-0.032959137
1784,-21.927982,-23.048618,-0.035054844
1785,-23.735144,-19.093592,-0.039160643
1786,-24.186409,-15.400114,-0.04260893
1787,-26.485102,-13.659735,-0.043353114
1788,-29.609863,-12.054939,-0.044270925
1789,-31.895164,-6.603858,-0.049477298
1790,-32.729263,2.522749,-0.059019685
1791,-33.400276,11.539327,-0.069029376
1792,-34.69506,19.322218,-0.07822752
1793,-36.713604,25.733318,-0.08604677
1794,-40.048237,30.727514,-0.09271655
1795,-44.021564,35.75934,-0.099662624
1796,-47.284542,40.955254,-0.1066577
1797,-50.006718,44.667877,-0.11183364
1798,-53.635242,46.58658,-0.1147293
1799,-56.76241,47.911625,-0.11746093
1800,-59.283382,49.482124,-0.12017798
1801,-61.451935,51.000523,-0.12265553
1802,-63.310474,53.00342,-0.12478874
1803,-64.11532,54.00831,-0.12570718
1804,-65.68673,53.957596,-0.1252361
1805,-66.99345,54.465538,-0.124625385
1806,-67.32147,55.659706,-0.12402989
1807,-67.55516,56.72894,-0.122718215
1808,-67.4955,58.64232,-0.12234434
1809,-65.72891,61.610497,-0.12224117
1810,-63.643963,63.641556,-0.120572016
1811,-61.26853,64.7115,-0.11727602
1812,-58.631634,64.27569,-0.11244483
1813,-56.601974,61.762695,-0.105195016
1814,-55.85801,58.010357,-0.09672811
1815,-54.30048,53.178772,-0.08752571
1816,-54.68984,48.699993,-0.07828502
1817,-53.245644,42.58794,-0.0681891
1818,-51.730064,37.89867,-0.059887566
1819,-49.2636,35.280804,-0.054135688
1820,-45.985703,32.84988,-0.049184922
1821,-43.006023,29.579494,-0.044287793
1822,-40.366848,25.079216,-0.03897553
1823,-38.236588,18.647959,-0.032511413
1824,-37.384693,10.657421,-0.025226556
1825,-36.624115,3.0615225,-0.018902484
1826,-34.94052,-4.1356397,-0.0132115325
1827,-33.759983,-12.771177,-0.0062938025
1828,-32.60801,-22.020288,0.0013375916
1829,-31.06433,-30.56041,0.008590377
1830,-29.315014,-36.424015,0.013281167
1831,-25.748182,-39.453484,0.015476812
1832,-21.446512,-43.170086,0.018342843
1833,-18.791664,-50.221214,0.024571884
1834,-16.94276,-60.618538,0.034051005
1835,-16.467548,-72.345566,0.04484923
1836,-15.874157,-84.16302,0.055626713
1837,-15.54562,-94.59448,0.06455124
1838,-13.564541,-101.09047,0.0698877
1839,-11.761217,-107.594574,0.0751957
1840,-10.504625,-113.82186,0.08017787
1841,-9.462191,-118.01532,0.08393188
1842,-9.503081,-119.54056,0.085365705
1843,-9.171265,-116.65159,0.08289934
1844,-7.262549,-111.59225,0.07867076
1845,-7.0053024,-107.78714,0.0762674
1846,-7.9013963,-103.044136,0.07362447
1847,-8.941008,-97.15509,0.07066218
1848,-11.027372,-90.62701,0.06743761
1849,-12.916424,-83.213135,0.06385506
1850,-15.193975,-75.96654,0.0610855
1851,-18.690971,-68.951675,0.058441103
1852,-22.166939,-60.52121,0.054900646
1853,-26.114454,-51.850338,0.051429078
1854,-31.046227,-41.936684,0.046803378
1855,-34.850773,-30.496511,0.040524885
1856,-37.727345,-18.930355,0.034015574
1857,-40.82328,-8.260709,0.027809389
1858,-42.34862,2.1978893,0.02140887
1859,-43.32767,10.555965,0.016655408
1860,-44.003117,17.80962,0.012686135
1861,-43.340477,23.95747,0.009481516
1862,-43.006737,28.458456,0.007463228
1863,-41.596832,32.905327,0.0047722105
1864,-39.187847,36.503223,0.002530746
1865,-37.602276,38.54505,0.0013541846
1866,-35.66118,40.575985,-0.0006502124
1867,-33.48205,41.590343,-0.0026416527
1868,-33.260857,42.684464,-0.005073699
1869,-31.361332,45.426247,-0.008798961
1870,-30.02641,46.49853,-0.011046409
1871,-30.250658,46.756516,-0.01193025
1872,-30.767668,47.824482,-0.013130958
1873,-31.698137,48.999027,-0.014102355
1874,-32.755043,50.518528,-0.014849548
1875,-33.379818,51.780796,-0.014744667
1876,-34.704563,52.01584,-0.013335424
1877,-35.660587,52.462093,-0.012160946
1878,-35.17621,53.171803,-0.011052476
1879,-34.435143,52.87377,-0.009427511
1880,-33.338116,52.21406,-0.00785966
1881,-31.345207,51.08314,-0.0064759655
1882,-29.26652,48.383217,-0.00435568
1883,-27.51265,44.897373,-0.0024853132
1884,-24.777798,42.210777,-0.0023787925
1885,-20.890604,39.43891,-0.003079157
1886,-17.09019,34.959343,-0.0027246482
1887,-13.346999,29.447063,-0.0017848101
1888,-9.170157,23.516823,-0.00085270475
1889,-5.179388,16.855322,0.000646624
1890,-1.6535532,10.235251,0.0019458289
1891,-8.92492,6.0959044,0.0021870648
1892,-5.000272,-0.07075167,0.0030766788
1893,-1.1796875,-7.082649,0.0049069114
1894,1.3503494,-14.16501,0.0073935348
1895,3.4689188,-20.060007,0.009096981
1896,6.1557674,-25.5111,0.010624025
1897,8.060391,-30.952366,0.012493376
1898,9.88329,-35.756107,0.013987151
1899,11.135658,-40.11349,0.015284214
1900,12.119913,-45.16335,0.017638609
1901,12.382631,-48.935383,0.01902284
1902,13.221769,-50.399185,0.018488247
1903,13.920565,-51.085827,0.017680472
1904,13.843746,-51.22683,0.0171511
1905,13.661261,-50.097183,0.016116653
1906,13.467507,-48.61622,0.015312011
1907,12.165417,-47.4049,0.014973726
1908,10.49729,-45.537014,0.0137398895
1909,9.533731,-42.85535,0.012104916
1910,8.099351,-41.095505,0.0114302505
1911,5.8945556,-39.841873,0.010524922
1912,4.028563,-37.92129,0.008890586
1913,2.5305786,-35.893448,0.0075056944
1914,0.86207485,-34.78413,0.006683667
1915,-0.7562504,-33.86453,0.005638685
1916,-1.7001505,-33.327103,0.0046559884
1917,-2.9426312,-34.29598,0.004641706
1918,-4.4013066,-35.587955,0.0048421198
1919,-5.3326845,-35.938896,0.0038356548
1920,-5.741113,-36.050705,0.0027435478
1921,-6.345337,-36.53406,0.002023682
1922,-6.674736,-36.719696,0.0011999756
1923,-6.6617804,-37.200504,0.00091769634
1924,-6.6590676,-38.10958,0.0012735667
1925,-7.1065035,-38.77908,0.0016515509
1926,-7.1734905,-38.265354,0.0010970915
1927,-7.185013,-37.440907,0.00032393224
1928,-7.33182,-36.875282,-0.00011809688
1929,-7.866745,-35.934887,-0.0012711765
1930,-7.9842205,-34.138462,-0.0027523304
1931,-9.063624,-32.801632,-0.0036543848
1932,-10.392183,-32.30275,-0.003443085
1933,-12.141223,-30.853487,-0.003996267
1934,-13.528606,-28.049227,-0.0057531623
1935,-15.232204,-24.99908,-0.0075431336
1936,-17.080854,-22.426846,-0.008747339
1937,-19.631584,-19.31456,-0.010552203
1938,-21.483559,-16.02729,-0.0123123415
1939,-23.557133,-13.431074,-0.013230915
1940,-26.058771,-11.475958,-0.0133318165
1941,-28.811756,-8.969269,-0.013860368
1942,-30.999113,-6.12574,-0.014541327
1943,-33.05048,-3.1675725,-0.014997233
1944,-34.89895,-0.64755106,-0.014779242
1945,-36.8091,1.8373766,-0.014295944
1946,-39.511612,5.006978,-0.014623471
1947,-41.15981,7.977646,-0.014186128
1948,-42.859035,9.884048,-0.012488659
1949,-45.314507,10.763101,-0.0101436535
1950,-48.075195,11.034445,-0.0077080578
1951,-50.257236,10.629467,-0.004626845
1952,-51.986874,9.031826,-0.0008391475
1953,-53.585938,7.162621,0.0024700146
1954,-54.067375,5.902278,0.0046847872
1955,-54.094837,4.6721735,0.0060885856
1956,-53.702187,1.9245658,0.007819305
1957,-52.174564,-1.6703585,0.010308795
1958,-50.849056,-5.5959826,0.012255971
1959,-49.278717,-9.641273,0.013690878
1960,-46.489605,-14.20413,0.015380776
1961,-45.055325,-16.519299,0.014780822
1962,-43.147,-18.841595,0.0136215435
1963,-41.73019,-21.612038,0.012623037
1964,-39.57196,-24.442492,0.01169669
1965,-39.122013,-28.43853,0.011816973
1966,-37.294083,-32.56496,0.0126778
1967,-34.238495,-36.77703,0.013635931
1968,-31.576473,-39.22384,0.013420654
1969,-29.309425,-41.789574,0.013340819
1970,-26.557228,-44.307632,0.014181082
1971,-23.879833,-47.185165,0.016163807
1972,-21.051956,-50.074863,0.018300734
1973,-18.879065,-52.03048,0.020422548
1974,-16.877281,-52.608757,0.02144253
1975,-15.304808,-53.83713,0.023417851
1976,-11.438995,-55.267822,0.026916524
1977,-8.549674,-56.86032,0.031608634
1978,-9.21008,-59.965137,0.035697892
1979,-7.714801,-59.625584,0.038047172
1980,-5.264621,-57.378494,0.039171513
1981,-3.9334106,-54.39289,0.039813112
1982,-2.6845808,-51.07367,0.040209536
1983,0.27389622,-48.19278,0.040961005
1984,0.68908596,-44.408237,0.04108585
1985,1.8901615,-39.917862,0.040346887
1986,5.3687544,-34.595978,0.038659975
1987,6.297345,-31.542763,0.037795894
1988,11.524086,-26.249092,0.036079105
1989,10.163567,-23.728214,0.03481763
1990,11.235205,-20.51904,0.03320241
1991,12.391947,-18.003448,0.03220121
1992,14.0304785,-14.866046,0.031057969
1993,15.2807255,-12.615583,0.029569523
1994,16.73804,-10.6639805,0.028669983
1995,19.27894,-8.836955,0.02777527
1996,17.950663,-8.55978,0.027626896
1997,16.62291,-9.038975,0.027767513
1998,16.144062,-7.7526417,0.027086997
1999,16.399921,-7.958851,0.0271582
2000,20.14492,-6.1906433,0.026577665
2001,21.536037,-5.7627263,0.02666345
2002,28.873192,-4.7436295,0.027504921
2003,30.144176,-5.671273,0.029699717
2004,29.930714,-7.307661,0.032617617
2005,30.093395,-8.367041,0.035171226
2006,30.7884,-9.30517,0.03747424
2007,30.67289,-10.377457,0.039664567
2008,31.589363,-10.78225,0.041320685
2009,32.264328,-10.590089,0.042394314
2010,31.372948,-10.33566,0.04301726
2011,29.3181,-10.5061,0.043380912
2012,28.360615,-10.716123,0.043652453
2013,19.499174,-17.355463,0.04596548
2014,20.247156,-15.94421,0.045162518
2015,17.534586,-15.74218,0.044498287
2016,20.096554,-14.325262,0.043006096
2017,19.19654,-13.548698,0.04161414
2018,21.427664,-12.024562,0.039436825
2019,19.407753,-10.962218,0.036727373
2020,17.179132,-9.3660965,0.032427926
2021,12.856808,-6.5103893,0.024974626
2022,12.694189,-3.7196093,0.016395804
2023,14.644589,-2.7481103,0.009424519
2024,16.334818,-3.672658,0.004725065
2025,16.335144,-2.4079823,-0.00057858974
2026,13.1591835,-3.1958427,-0.004762888
2027,11.921425,-1.007299,-0.010252156
2028,10.846079,0.7012663,-0.014891914
2029,7.2832537,1.1413059,-0.01816383
2030,4.1756215,2.1207385,-0.020693347
2031,0.80776787,4.283667,-0.022766842
2032,-2.2609591,6.548523,-0.02442805
2033,-6.7211223,9.449362,-0.025880182
2034,-11.357256,12.576632,-0.027528586
2035,-15.100006,17.696674,-0.029225705
2036,-19.908598,23.155304,-0.030510312
2037,-26.294348,26.565174,-0.030939817
2038,-31.99057,30.482513,-0.031177087
2039,-36.72786,35.167503,-0.03183909
2040,-42.663353,39.14279,-0.032142453
2041,-46.94668,44.72966,-0.032895524
2042,-50.518604,50.884956,-0.033669084
2043,-55.618378,55.28189,-0.03369656
2044,-57.236816,61.31649,-0.034772515
2045,-62.19035,65.82969,-0.03538078
2046,-64.35157,71.563774,-0.036668554
2047,-68.06641,75.49415,-0.037591375
2048,-69.88507,80.3033,-0.039542053
2049,-70.43585,85.38012,-0.0422452
2050,-72.449615,89.00957,-0.04480101
2051,-71.96551,93.052795,-0.047665484
2052,-64.94309,96.76692,-0.050032027
2053,-63.08634,98.61079,-0.050679415
2054,-60.770504,99.27476,-0.050282333
2055,-57.05497,99.46914,-0.04916725
2056,-55.008816,97.76578,-0.046716128
2057,-52.691196,96.00048,-0.044045217
2058,-50.12357,94.17978,-0.041327413
2059,-45.72102,93.15383,-0.039053276
2060,-42.519577,91.52332,-0.03679159
2061,-37.529305,91.12588,-0.03525932
2062,-27.405489,90.850525,-0.033857714
2063,-25.074387,87.867744,-0.030874884
2064,-17.613228,86.67725,-0.028153319
2065,-16.017298,83.30798,-0.024341911
2066,-6.3683586,83.29761,-0.022549024
2067,5.946582,85.0683,-0.022317173
2068,7.202506,83.618706,-0.021480268
2069,11.530113,83.29555,-0.022242447
2070,14.45657,83.435974,-0.023762522
2071,24.166428,84.74762,-0.025551215
2072,32.88556,84.841675,-0.025483027
2073,33.05823,80.11783,-0.022171533
2074,33.22189,73.22924,-0.01683922
2075,32.27097,65.0863,-0.010089481
2076,30.334642,55.117107,-0.0021027057
2077,27.356468,46.06794,0.004881366
2078,24.532906,39.95148,0.009645515
2079,22.056545,34.44365,0.012193966
2080,20.043686,30.182598,0.012849831
2081,18.356504,27.044811,0.012336335
2082,21.800476,28.22572,0.010232258
2083,19.074324,25.357578,0.009549539
2084,18.674732,23.966352,0.008895236
2085,16.64683,21.6433,0.008991753
2086,13.837542,18.01016,0.009927923
2087,10.344332,13.319814,0.011669793
2088,7.3699822,8.753651,0.014063072
2089,4.0528827,2.4860468,0.01711511
2090,-0.31416607,-4.385338,0.020445952
2091,-4.3049226,-9.903019,0.022073088
2092,-7.737004,-13.692877,0.022431998
2093,-10.7171545,-16.944672,0.021671124
2094,-11.023347,-16.158106,0.018963119
2095,-14.579845,-18.148512,0.016521322
2096,-17.751032,-18.708286,0.012966756
2097,-20.356651,-19.163063,0.009410584
2098,-22.53579,-19.74623,0.0062307827
2099,-24.1278,-20.987595,0.003974987
2100,-26.556322,-22.86219,0.002322096
2101,-29.17676,-25.01271,0.0010354288
2102,-31.307629,-25.384792,-0.0016507993
2103,-33.43573,-23.68382,-0.0056143864
2104,-34.389744,-22.061213,-0.0103843305
2105,-35.058247,-19.095036,-0.015463848
2106,-31.245998,-16.301605,-0.020075321
2107,-30.802338,-13.843876,-0.02423576
2108,-27.684961,-11.733003,-0.027514882
2109,-26.303537,-10.32573,-0.030051084
2110,-18.601875,-7.3339276,-0.03237747
2111,-18.216606,-7.1457934,-0.033279892
2112,-16.01025,-6.8933835,-0.0339798
2113,-14.895585,-6.350743,-0.034443747
2114,-13.112514,-5.514134,-0.034765374
2115,-11.159901,-5.2631226,-0.03454441
2116,-9.623883,-5.3294005,-0.03367188
2117,-7.837946,-5.9794683,-0.031936616
2118,-6.2598877,-6.5209837,-0.029552773
2119,-5.5424843,-7.5834928,-0.02636693
2120,-3.190466,-10.105898,-0.022885725
2121,-2.2741013,-12.331657,-0.0190089
2122,-1.4599762,-15.543394,-0.014735359
2123,-0.5317173,-17.816612,-0.010320363
2124,0.4856596,-21.137207,-0.0058265408
2125,0.6188822,-25.273952,-0.00066899625
2126,2.0181828,-29.343655,0.003960247
2127,2.4631128,-32.533146,0.008509412
2128,3.6651897,-37.556007,0.013299022
2129,3.6985102,-39.98243,0.017269954
2130,3.9691515,-43.921658,0.02126573
2131,5.1072636,-47.69051,0.024146117
2132,6.2889547,-52.15994,0.027447803
2133,7.325012,-56.729122,0.031200718
2134,7.7331014,-61.57799,0.03531965
2135,-1.562913,-62.88795,0.03622404
2136,-2.7702703,-66.67877,0.03970381
2137,-3.884039,-69.41995,0.042118862
2138,-4.8462515,-70.258125,0.04321589
2139,-6.060954,-70.53065,0.04356098
2140,-5.454792,-71.937416,0.043291047
2141,-5.522438,-71.67259,0.042554542
2142,-5.452322,-70.820694,0.04174351
2143,-5.2919893,-70.20729,0.041167356
2144,-5.046756,-68.07925,0.04085079
2145,-6.277503,-65.7462,0.041120328
2146,-8.595899,-64.27799,0.04207305
2147,-12.076038,-62.596348,0.043390498
2148,-15.954068,-61.10061,0.045199573
2149,-21.164293,-60.744102,0.04636375
2150,-27.08383,-59.09607,0.047441937
2151,-34.690052,-57.605972,0.04822518
2152,-41.701622,-57.084255,0.04771976
2153,-48.573193,-57.168976,0.047895078
2154,-55.20187,-57.069923,0.046728987
2155,-61.814514,-55.486862,0.043988105
2156,-67.80697,-50.950542,0.037870664
2157,-73.45603,-43.6324,0.028642027
2158,-77.87995,-33.897152,0.016996333
2159,-82.24827,-23.600163,0.0045312624
2160,-84.06156,-13.187911,-0.0073608393
2161,-87.04502,-2.4062605,-0.01803058
2162,-89.4054,7.8632417,-0.027319038
2163,-92.63663,13.197759,-0.035259247
2164,-94.211876,20.948494,-0.041671876
2165,-96.43575,27.026459,-0.04675541
2166,-98.30103,32.489838,-0.05117388
2167,-101.67132,37.77279,-0.055413395
2168,-104.069244,44.302048,-0.059886336
2169,-105.909256,51.43262,-0.064249344
2170,-103.581566,52.539913,-0.068926126
2171,-105.00754,59.18504,-0.0724065
2172,-105.95948,65.257385,-0.07506714
2173,-109.8629,71.4146,-0.080922864
2174,-107.11998,72.37876,-0.08403031
2175,-106.60136,73.50225,-0.087557755
2176,-104.69554,73.89549,-0.091161855
2177,-102.762566,73.664536,-0.09471136
2178,-99.30371,72.25731,-0.096945554
2179,-92.21557,68.065796,-0.0973751
2180,-87.60239,63.571915,-0.096617565
2181,-81.46265,58.434628,-0.09394186
2182,-73.00721,54.74077,-0.08900958
2183,-62.986774,52.35739,-0.08206114
2184,-54.007744,41.588547,-0.07400603
2185,-43.467392,31.166775,-0.06523256
2186,-34.49903,19.773497,-0.05549003
2187,-21.49668,12.744608,-0.044895064
2188,-7.6553764,4.617552,-0.034448095
2189,4.245611,-8.431026,-0.024665762
2190,18.594881,-15.715943,-0.015122855
2191,31.934021,-21.85056,-0.006646904
2192,45.326088,-27.071707,0.0006940011
2193,58.939735,-33.243988,0.0073495326
2194,69.924095,-37.191486,0.013664346
2195,80.79802,-44.335236,0.019227361
2196,92.82738,-48.85399,0.023894863
2197,102.40583,-52.6228,0.027517462
2198,110.771385,-56.131275,0.03053889
2199,116.50768,-56.974075,0.032134496
2200,122.672745,-57.845814,0.03373787
2201,123.8705,-56.42582,0.034368254
2202,121.433586,-54.584343,0.03439654
2203,117.56993,-50.736435,0.032796122
2204,117.897934,-43.94837,0.029929625
2205,113.327675,-36.857403,0.02677736
2206,100.981415,-30.997307,0.02390085
2207,86.25215,-25.00364,0.020296983
2208,81.82044,-15.806801,0.015738335
2209,75.99374,-7.481677,0.011214521
2210,68.48629,1.1391048,0.007020542
2211,59.22911,8.765976,0.0028187993
2212,49.59765,14.96489,-0.00058701995
2213,41.33329,21.820187,-0.0038396986
2214,35.065517,30.562456,-0.0042498484
2215,29.799763,38.90944,-0.0078016794
2216,22.185389,44.732025,-0.010163879
2217,13.102078,48.808952,-0.011355631
2218,9.570801,55.109035,-0.013716219
2219,1.8479433,58.60567,-0.01448944
2220,-4.194423,62.069897,-0.015433094
2221,-9.084262,65.08822,-0.01608061
2222,-13.494804,67.34656,-0.016072296
2223,-15.151524,70.39703,-0.016205205
2224,-19.458984,71.01099,-0.015096054
2225,-22.381233,71.51942,-0.013828391
2226,-24.10762,71.640236,-0.012232615
2227,-26.336792,70.79585,-0.00992989
2228,-28.052078,69.430954,-0.0075711664
2229,-27.591724,68.489235,-0.0058028894
2230,-27.214697,67.74748,-0.0046935407
2231,-25.213541,66.74805,-0.0035080493
2232,-22.367184,65.91449,-0.002690474
2233,-17.968689,64.849304,-0.0022426425
2234,-14.217291,64.79767,-0.0030538738
2235,-6.1073494,65.15924,-0.004382217
2236,1.0426855,65.80274,-0.0058257966
2237,1.5553093,65.04533,-0.0064307055
2238,10.380056,63.338364,-0.005916632
2239,13.734495,60.65793,-0.004749735
2240,19.577888,56.34655,-0.0025676428
2241,24.420395,52.338806,-0.00071787904
2242,31.679966,49.09752,0.00014015404
2243,45.706142,44.117188,0.0016043909
2244,46.63632,41.228878,0.0017575826
2245,60.558666,36.4973,0.0028408025
2246,62.941338,32.01374,0.003772322
2247,64.500336,27.146002,0.0052744206
2248,69.578125,20.88955,0.0073194653
2249,77.23056,13.646858,0.009821565
2250,76.69087,7.8214607,0.01158434
2251,85.476944,-0.24673748,0.0155689195
2252,91.37651,-7.5259542,0.019003028
2253,91.75208,-12.734385,0.021295562
2254,97.86273,-19.337708,0.024528448
2255,97.979004,-22.405394,0.025623491
2256,92.168465,-22.243404,0.024522515
2257,90.87384,-24.753525,0.025128141
2258,89.83614,-26.88411,0.024978083
2259,89.81188,-28.264057,0.02497347
2260,87.38747,-28.980711,0.023971424
2261,85.50199,-28.73855,0.022382764
2262,83.44739,-27.339607,0.020150432
2263,81.10458,-25.503172,0.01763891
2264,78.54681,-23.94975,0.0158123
2265,75.29112,-22.29466,0.014724986
2266,72.083405,-20.856264,0.013732437
2267,68.69662,-19.332773,0.012985814
2268,64.55943,-17.881727,0.01234103
2269,59.890965,-17.256952,0.012766969
2270,54.80551,-16.549397,0.013216624
2271,49.12001,-15.775403,0.013626418
2272,43.389996,-15.391082,0.01413985
2273,36.634106,-14.785089,0.014435173
2274,29.807493,-13.08818,0.013607553
2275,22.869482,-10.808551,0.012035286
2276,15.531873,-8.396778,0.010387572
2277,8.266925,-6.5363584,0.00909085
2278,4.0359464,-3.7713761,0.0072501735
2279,-2.3576102,-1.5620067,0.0055299
2280,-8.273641,0.7493271,0.0035599023
2281,-14.509204,3.0434442,0.0015274738
2282,-19.922388,5.21103,-0.0006486508
2283,-24.938326,7.7066584,-0.0038911684
2284,-29.074837,10.386846,-0.007875929
2285,-32.740044,13.169693,-0.011950219
2286,-35.75241,15.2277,-0.015477258
2287,-38.68399,17.234955,-0.01894488
2288,-40.779892,19.371698,-0.022527616
2289,-41.437603,21.905708,-0.026016038
2290,-42.125786,23.330158,-0.028614094
2291,-41.753773,24.650812,-0.030431138
2292,-40.75334,25.390278,-0.03123002
2293,-38.519203,25.735655,-0.03126366
2294,-35.856804,25.876701,-0.030548947
2295,-32.864414,25.545166,-0.02902458
2296,-29.215998,25.077957,-0.026970744
2297,-23.79153,24.286947,-0.024044223
2298,-19.747723,21.805399,-0.019461624
2299,-13.917371,18.568184,-0.013813199
2300,-8.38517,14.640764,-0.0073875873
2301,-3.0058193,10.312618,-0.00078399153
2302,1.9875464,6.684941,0.004892402
2303,6.7245784,3.549641,0.009448546
2304,11.867806,0.6162505,0.013089573
2305,16.4935,-2.780015,0.016406843
2306,20.712097,-6.9252157,0.019951401
2307,24.165737,-11.610136,0.023285683
2308,27.457788,-15.8964405,0.025722777
2309,31.659513,-18.970125,0.026049113
2310,33.970345,-20.377079,0.024165805
2311,38.160366,-19.840363,0.020572955
2312,40.434418,-17.30639,0.015053369
2313,42.105473,-13.965372,0.008926891
2314,45.949795,-11.390365,0.0044858204
2315,49.07842,-9.496728,0.00097458286
2316,51.92785,-8.6024685,-0.00046902185
2317,53.928356,-9.352854,0.00038641086
2318,55.29701,-11.618349,0.0033568428
2319,55.640568,-14.565988,0.0072336663
2320,55.384514,-16.850122,0.010525726
2321,54.950645,-18.029884,0.012427877
2322,54.762768,-19.220839,0.01398045
2323,53.206448,-20.002214,0.014783286
2324,51.643864,-19.75637,0.014262234
2325,49.779408,-19.137516,0.013055576
2326,47.737305,-18.50415,0.011415601
